Date,Box Number,Session Number,Piece Number,Seat,Watts,Catch Angle,Finish Angle,Catch Slip,Finish Slip,Length,Effective Length,Rate,Speed
2023-03-11,5325,140,1,1,283,-55.9,30,8,14.3,85.9,63.6,33.6,5.91
2023-03-11,5325,140,1,2,396,-56.7,33.9,7.3,8.1,90.6,75.2,33.6,5.91
2023-03-11,5325,140,1,3,352,-54.9,29.7,7.9,11.1,84.6,65.6,33.6,5.91
2023-03-11,5325,140,1,4,399,-56.3,31.1,8.3,6.6,87.4,72.5,33.6,5.91
2023-03-11,5325,140,1,5,360,-56.3,30.6,8.3,7.1,86.9,71.5,33.6,5.91
2023-03-11,5325,140,1,6,388,-58.3,32.6,8.6,8.1,90.9,74.2,33.6,5.91
2023-03-11,5325,140,1,7,411,-57.6,30,10.8,7.4,87.6,69.4,33.6,5.91
2023-03-11,5325,140,1,8,379,-60.1,30,8.4,12,90.1,69.7,33.6,5.91
2023-03-18,5239,727,3,1,260,-57.5,28.6,6.4,10.2,86.1,69.5,35.4,5.4
2023-03-18,5239,727,3,2,275,-52.7,30.7,1.6,9.5,83.4,72.3,35.4,5.4
2023-03-18,5239,727,3,3,310,-60.5,26.9,2.8,10.8,87.4,73.8,35.4,5.4
2023-03-18,5239,727,3,4,317,-50.8,31.6,5.3,4.8,82.4,72.3,35.4,5.4
2023-03-18,5239,727,3,5,288,-53,34.6,3.8,11.5,87.6,72.3,35.4,5.4
2023-03-18,5239,727,3,6,264,-57.5,30.1,6.2,10.2,87.6,71.2,35.4,5.4
2023-03-18,5239,727,3,7,305,-54.3,30.1,4.5,11.8,84.4,68.1,35.4,5.4
2023-03-18,5239,727,3,8,328,-54.3,30.5,1.4,11.1,84.8,72.3,35.4,5.4
2023-03-18,5239,727,1,1,312,-57.7,28.4,5.1,8.8,86.1,72.2,35.4,5.58
2023-03-18,5239,727,1,2,319,-54.7,30.1,1.1,8.7,84.8,75,35.4,5.58
2023-03-18,5239,727,1,3,338,-61.6,27,2.9,10.8,88.6,74.9,35.4,5.58
2023-03-18,5239,727,1,4,319,-51.7,32.4,6.5,6.6,84.1,71,35.4,5.58
2023-03-18,5239,727,1,5,317,-53.4,34.8,3.1,10.9,88.2,74.2,35.4,5.58
2023-03-18,5239,727,1,6,295,-57.9,29.8,5.2,9.2,87.7,73.3,35.4,5.58
2023-03-18,5239,727,1,7,332,-54.6,30.3,3.6,12.1,84.9,69.2,35.4,5.58
2023-03-18,5239,727,1,8,367,-55.1,30.2,1.1,9.7,85.3,74.5,35.4,5.58
2023-03-18,5239,727,2,1,291,-57.4,29,6.3,10,86.4,70.1,35,4.84
2023-03-18,5239,727,2,2,308,-54,30.5,1.3,9,84.5,74.2,35,4.84
2023-03-18,5239,727,2,3,326,-60.5,27.7,3,11,88.2,74.2,35,4.84
2023-03-18,5239,727,2,4,320,-51.7,31.8,6.3,6.1,83.5,71.1,35,4.84
2023-03-18,5239,727,2,5,293,-53.1,34.7,4.7,11.8,87.8,71.3,35,4.84
2023-03-18,5239,727,2,6,288,-57.9,29.6,5.7,9.7,87.5,72.1,35,4.84
2023-03-18,5239,727,2,7,326,-53.7,30.7,4.5,11.4,84.4,68.5,35,4.84
2023-03-18,5239,727,2,8,342,-54.1,30.5,1.6,10.5,84.6,72.5,35,4.84
2023-03-18,5253,425,2,1,310,-50.1,28.7,2.1,8.2,78.8,68.5,35.5,4.93
2023-03-18,5253,425,2,2,331,-45.1,32.3,5,7.1,77.4,65.3,35.5,4.93
2023-03-18,5253,425,2,3,291,-52.4,30.9,6,9.4,83.3,67.9,35.5,4.93
2023-03-18,5253,425,2,4,325,-54.1,30.2,6,16.2,84.3,62.1,35.5,4.93
2023-03-18,5253,425,2,5,319,-57,27.6,3.4,11.5,84.6,69.7,35.5,4.93
2023-03-18,5253,425,2,6,310,-54.6,31.6,6.2,9.2,86.2,70.8,35.5,4.93
2023-03-18,5253,425,2,7,334,-54,32.1,9,9.8,86.1,67.3,35.5,4.93
2023-03-18,5253,425,2,8,319,-53.9,28.8,5.7,4.6,82.7,72.4,35.5,4.93
2023-03-18,5253,425,1,1,324,-50.9,29.3,1.5,8.5,80.2,70.2,36.3,5.74
2023-03-18,5253,425,1,2,338,-45.8,32,3.7,7.2,77.8,66.9,36.3,5.74
2023-03-18,5253,425,1,3,354,-53.3,31.4,5.2,8.6,84.7,70.9,36.3,5.74
2023-03-18,5253,425,1,4,340,-53.6,30.7,5.5,15.8,84.3,63,36.3,5.74
2023-03-18,5253,425,1,5,334,-57.4,27.8,3.9,11.2,85.2,70.1,36.3,5.74
2023-03-18,5253,425,1,6,320,-54.7,31,5.9,8,85.7,71.8,36.3,5.74
2023-03-18,5253,425,1,7,344,-55.4,31.5,8.6,10,86.9,68.3,36.3,5.74
2023-03-18,5253,425,1,8,345,-54.5,28.7,4.8,4.8,83.2,73.6,36.3,5.74
2023-03-18,5324,156,3,1,308,-58.3,27,1.3,11.1,85.3,72.9,37.2,5.82
2023-03-18,5324,156,3,2,349,-50.9,28.9,0.5,12.6,79.8,66.7,37.2,5.82
2023-03-18,5324,156,3,3,399,-55.8,29.9,4.4,7.1,85.7,74.2,37.2,5.82
2023-03-18,5324,156,3,4,337,-51.3,29.6,2,10.9,80.9,68,37.2,5.82
2023-03-18,5324,156,3,5,356,-50.7,33.5,0.7,11.3,84.2,72.2,37.2,5.82
2023-03-18,5324,156,3,6,356,-53,29.5,8.2,5.9,82.5,68.4,37.2,5.82
2023-03-18,5324,156,3,7,346,-54.8,29.8,2.2,11,84.6,71.4,37.2,5.82
2023-03-18,5324,156,3,8,301,-53.9,31.5,1,15.2,85.4,69.2,37.2,5.82
2023-03-18,5253,425,3,1,287,-49.7,29.4,2.5,10.1,79.1,66.5,36.6,5.63
2023-03-18,5253,425,3,2,337,-44,32.2,3.5,6.9,76.2,65.8,36.6,5.63
2023-03-18,5253,425,3,3,287,-52.3,30.7,6.5,9.4,83,67.1,36.6,5.63
2023-03-18,5253,425,3,4,318,-53.3,30,5.6,16.3,83.3,61.4,36.6,5.63
2023-03-18,5253,425,3,5,297,-56.7,27,3.9,11.6,83.7,68.2,36.6,5.63
2023-03-18,5253,425,3,6,311,-53.9,31.2,5.8,8,85.1,71.3,36.6,5.63
2023-03-18,5253,425,3,7,321,-54.5,31.3,8.9,10.6,85.8,66.3,36.6,5.63
2023-03-18,5253,425,3,8,330,-53.9,28.1,5.1,4.5,82,72.4,36.6,5.63
2023-03-18,5324,156,2,1,302,-58.6,26.9,1.6,11.2,85.5,72.7,35.3,5.04
2023-03-18,5324,156,2,2,334,-51.2,29.3,1.8,12.5,80.5,66.2,35.3,5.04
2023-03-18,5324,156,2,3,393,-55.4,29.8,5.5,7.1,85.2,72.6,35.3,5.04
2023-03-18,5324,156,2,4,362,-52.8,29.9,3.4,10,82.7,69.3,35.3,5.04
2023-03-18,5324,156,2,5,352,-51.6,33.7,1.7,10.5,85.3,73.1,35.3,5.04
2023-03-18,5324,156,2,6,352,-52.8,32.3,4.4,8.4,85.1,72.3,35.3,5.04
2023-03-18,5324,156,2,7,329,-55.7,29.7,4.6,10.6,85.4,70.2,35.3,5.04
2023-03-18,5324,156,2,8,285,-54.6,32.3,2.8,16.3,86.9,67.8,35.3,5.04
2023-03-18,5324,156,1,1,323,-59,27.3,1.2,11.1,86.3,74,36.5,5.91
2023-03-18,5324,156,1,2,359,-51.4,29.1,0.7,12.6,80.5,67.2,36.5,5.91
2023-03-18,5324,156,1,3,407,-55.6,30.1,4,7,85.7,74.7,36.5,5.91
2023-03-18,5324,156,1,4,376,-52.1,30,1.6,9.4,82.1,71.1,36.5,5.91
2023-03-18,5324,156,1,5,402,-52.7,33.8,0.4,9.5,86.5,76.6,36.5,5.91
2023-03-18,5324,156,1,6,391,-54.4,32.4,3.6,8.1,86.8,75.1,36.5,5.91
2023-03-18,5324,156,1,7,368,-56.9,29.5,2.4,9.7,86.4,74.3,36.5,5.91
2023-03-18,5324,156,1,8,324,-54.6,32.4,1.7,16.3,87,69,36.5,5.91
2023-03-18,5325,150,2,1,324,-54.9,30.7,7.1,7.1,85.6,71.4,33.9,5.03
2023-03-18,5325,150,2,2,352,-54.4,31,9,6.8,85.4,69.6,33.9,5.03
2023-03-18,5325,150,2,3,342,-55.8,32.4,4.9,10.4,88.2,72.9,33.9,5.03
2023-03-18,5325,150,2,4,361,-58,31.6,5,6.6,89.6,78,33.9,5.03
2023-03-18,5325,150,2,5,333,-55.6,29,7.6,8.3,84.6,68.7,33.9,5.03
2023-03-18,5325,150,2,6,372,-54.5,32.7,5.6,7.4,87.2,74.2,33.9,5.03
2023-03-18,5325,150,2,7,316,-56,33.1,5.9,8.6,89.1,74.6,33.9,5.03
2023-03-18,5325,150,2,8,352,-56.9,30.5,4.2,9,87.4,74.2,33.9,5.03
2023-03-18,5325,150,3,1,341,-56.5,31.1,6,6.8,87.6,74.8,35.7,5.88
2023-03-18,5325,150,3,2,346,-54.5,31.9,5.9,8.4,86.4,72.1,35.7,5.88
2023-03-18,5325,150,3,3,353,-56.4,31.3,2,10.8,87.7,74.9,35.7,5.88
2023-03-18,5325,150,3,4,374,-57.3,31.7,5.1,7,89,76.9,35.7,5.88
2023-03-18,5325,150,3,5,345,-55.9,28.3,6.1,8.4,84.2,69.7,35.7,5.88
2023-03-18,5325,150,3,6,388,-53.9,32.4,5.5,7.4,86.3,73.4,35.7,5.88
2023-03-18,5325,150,3,7,331,-56.4,32.8,5.4,8.4,89.2,75.4,35.7,5.88
2023-03-18,5325,150,3,8,396,-56.8,29.9,2.7,7.8,86.7,76.2,35.7,5.88
2023-03-18,5325,150,1,1,363,-56.8,31.1,5.9,6.8,87.9,75.2,34.9,5.91
2023-03-18,5325,150,1,2,386,-54.6,30.9,8.1,5.8,85.5,71.6,34.9,5.91
2023-03-18,5325,150,1,3,387,-57.5,32.4,2.1,9.7,89.9,78.1,34.9,5.91
2023-03-18,5325,150,1,4,382,-58.4,31.6,5.1,6.7,90,78.2,34.9,5.91
2023-03-18,5325,150,1,5,365,-56.8,29.2,6.2,8.2,86,71.6,34.9,5.91
2023-03-18,5325,150,1,6,392,-54.6,32.8,5.3,7.3,87.4,74.8,34.9,5.91
2023-03-18,5325,150,1,7,343,-56.8,33.1,3.7,7.8,89.9,78.4,34.9,5.91
2023-03-18,5325,150,1,8,374,-57,29.7,3.5,8,86.7,75.2,34.9,5.91
2023-03-22,5325,155,1,1,322,-57.4,30.3,0.8,12.5,87.7,74.4,35.6,5.76
2023-03-22,5325,155,1,2,404,-55.9,31.7,2.9,7.9,87.6,76.8,35.6,5.76
2023-03-22,5325,155,1,3,384,-57.3,30.7,1,9.7,88,77.3,35.6,5.76
2023-03-22,5325,155,1,4,381,-56.7,29.8,5.4,7,86.5,74.1,35.6,5.76
2023-03-22,5325,155,1,5,364,-57,28.8,6.6,7.9,85.8,71.3,35.6,5.76
2023-03-22,5325,155,1,6,370,-56.8,33.1,6,7.2,89.9,76.7,35.6,5.76
2023-03-22,5325,155,1,7,376,-56.6,32,4.7,12.4,88.6,71.5,35.6,5.76
2023-03-22,5325,155,1,8,418,-57.4,28.8,3.6,7.1,86.2,75.5,35.6,5.76
2023-03-22,5325,155,2,1,297,-56.8,30.1,2.4,13.7,86.9,70.8,34.8,5.29
2023-03-22,5325,155,2,2,344,-51.8,32,5.3,8.4,83.8,70.1,34.8,5.29
2023-03-22,5325,155,2,3,374,-55.1,31,0.8,9.7,86.1,75.6,34.8,5.29
2023-03-22,5325,155,2,4,371,-55.9,29.8,6.2,6.7,85.7,72.8,34.8,5.29
2023-03-22,5325,155,2,5,352,-55.6,29,7.2,8,84.6,69.4,34.8,5.29
2023-03-22,5325,155,2,6,358,-55.7,33.1,5.5,7.1,88.8,76.2,34.8,5.29
2023-03-22,5325,155,2,7,348,-55.6,31.7,5,12.6,87.3,69.7,34.8,5.29
2023-03-22,5325,155,2,8,404,-56.9,29.2,3.4,7.2,86.1,75.5,34.8,5.29
2023-03-22,5325,155,3,1,280,-56.6,30,2.2,14.2,86.6,70.2,34.9,5.53
2023-03-22,5325,155,3,2,333,-54.9,31.6,5.2,9.5,86.5,71.8,34.9,5.53
2023-03-22,5325,155,3,3,333,-56.3,30.6,3.2,9.8,86.9,73.9,34.9,5.53
2023-03-22,5325,155,3,4,366,-57,29.8,5.3,6.9,86.8,74.6,34.9,5.53
2023-03-22,5325,155,3,5,341,-56,30.3,3.8,10.9,86.3,71.6,34.9,5.53
2023-03-22,5325,155,3,6,350,-57.2,32.9,6.3,6.9,90.1,76.9,34.9,5.53
2023-03-22,5325,155,3,7,336,-56.3,31,5.3,12.9,87.3,69.1,34.9,5.53
2023-03-22,5325,155,3,8,371,-57.4,29.4,4.3,8.1,86.8,74.4,34.9,5.53
2023-03-22,5239,734,1,1,294,-58.6,27.2,6,7.9,85.8,71.9,32.8,5.29
2023-03-22,5239,734,1,2,324,-58.7,27.2,0.7,8.5,85.9,76.7,32.8,5.29
2023-03-22,5239,734,1,3,346,-61.8,26.6,2.6,9.6,88.4,76.2,32.8,5.29
2023-03-22,5239,734,1,4,341,-52.4,32.2,5.4,8.4,84.6,70.8,32.8,5.29
2023-03-22,5239,734,1,5,283,-55.3,32,3,9,87.3,75.3,32.8,5.29
2023-03-22,5239,734,1,6,274,-59.7,29.4,5.3,8.5,89.1,75.3,32.8,5.29
2023-03-22,5239,734,1,7,306,-56,31.5,4.9,11.7,87.5,70.9,32.8,5.29
2023-03-22,5239,734,1,8,308,-58.7,31.7,3.8,7.6,90.4,79,32.8,5.29
2023-03-22,5239,734,2,1,285,-58.1,27.3,6.2,8.6,85.4,70.6,33.3,4.92
2023-03-22,5239,734,2,2,306,-58.1,26.4,1,9.5,84.5,74,33.3,4.92
2023-03-22,5239,734,2,3,319,-60.5,27.5,2.5,11.3,88,74.2,33.3,4.92
2023-03-22,5239,734,2,4,320,-49.8,32.6,6,9.3,82.4,67.1,33.3,4.92
2023-03-22,5239,734,2,5,283,-54.6,32.6,4.5,10.2,87.2,72.5,33.3,4.92
2023-03-22,5239,734,2,6,274,-58,29.3,5.7,9.4,87.3,72.2,33.3,4.92
2023-03-22,5239,734,2,7,309,-54.4,30.9,3.7,11.3,85.3,70.3,33.3,4.92
2023-03-22,5239,734,2,8,283,-56.4,31.5,5.2,8.8,87.9,73.9,33.3,4.92
2023-03-22,5239,734,3,1,257,-58.1,27.2,6.7,8.3,85.3,70.3,33.2,5.24
2023-03-22,5239,734,3,2,302,-58.2,26.6,0.9,9.2,84.8,74.7,33.2,5.24
2023-03-22,5239,734,3,3,311,-60.4,26.1,2.7,10.8,86.5,73,33.2,5.24
2023-03-22,5239,734,3,4,313,-52,32,6.7,9.6,84,67.7,33.2,5.24
2023-03-22,5239,734,3,5,263,-55.3,32.2,3.8,10.9,87.5,72.8,33.2,5.24
2023-03-22,5239,734,3,6,264,-59.4,29.3,5.9,9.3,88.7,73.5,33.2,5.24
2023-03-22,5239,734,3,7,298,-56.2,30.9,5.6,12,87.1,69.5,33.2,5.24
2023-03-22,5239,734,3,8,280,-57.4,31.6,4.8,9.5,89,74.7,33.2,5.24
2023-03-22,5253,429,1,1,338,-52.1,29.1,1.5,8.7,81.2,71,35.8,5.58
2023-03-22,5253,429,1,2,343,-55.4,29.6,4.2,4.1,85,76.7,35.8,5.58
2023-03-22,5253,429,1,3,321,-56,30,5,8.2,86,72.8,35.8,5.58
2023-03-22,5253,429,1,4,337,-54.9,30.6,6.1,17.1,85.5,62.3,35.8,5.58
2023-03-22,5253,429,1,5,340,-55.1,31.7,3.4,11.4,86.8,72,35.8,5.58
2023-03-22,5253,429,1,6,317,-53.6,31,4.9,6,84.6,73.7,35.8,5.58
2023-03-22,5253,429,1,7,346,-54.4,32,8.4,9.7,86.4,68.3,35.8,5.58
2023-03-22,5253,429,1,8,319,-55.6,30.5,5.9,8.4,86.1,71.8,35.8,5.58
2023-03-22,5253,429,2,1,293,-50,28.4,2.7,8.8,78.4,66.9,35.3,5.11
2023-03-22,5253,429,2,2,328,-54.5,30.3,6.4,5.2,84.8,73.2,35.3,5.11
2023-03-22,5253,429,2,3,299,-53.8,29.3,6.8,8.3,83.1,68,35.3,5.11
2023-03-22,5253,429,2,4,204,-53.5,30.4,7.6,17.9,83.9,58.4,35.3,5.11
2023-03-22,5253,429,2,5,311,-53.9,31.6,4.3,12.8,85.5,68.4,35.3,5.11
2023-03-22,5253,429,2,6,305,-52.3,30.9,5.7,6.7,83.2,70.8,35.3,5.11
2023-03-22,5253,429,2,7,323,-52.6,31.7,8.9,9.6,84.3,65.8,35.3,5.11
2023-03-22,5253,429,2,8,299,-53.5,30.9,5.9,9.3,84.4,69.2,35.3,5.11
2023-03-22,5253,429,3,1,315,-51.2,28.3,1.7,9,79.5,68.8,36.8,5.55
2023-03-22,5253,429,3,2,329,-54.7,29.3,4.9,4.8,84,74.3,36.8,5.55
2023-03-22,5253,429,3,3,345,-55.1,29.8,5.4,7.7,84.9,71.8,36.8,5.55
2023-03-22,5253,429,3,4,322,-54,30.2,4.9,17.2,84.2,62.1,36.8,5.55
2023-03-22,5253,429,3,5,326,-54.4,31.4,3.3,12,85.8,70.5,36.8,5.55
2023-03-22,5253,429,3,6,291,-52,30.5,5.9,6.6,82.5,70,36.8,5.55
2023-03-22,5253,429,3,7,338,-53.6,31.6,8.5,9.6,85.2,67.1,36.8,5.55
2023-03-22,5253,429,3,8,312,-55,30.8,6.2,9.1,85.8,70.5,36.8,5.55
2023-03-22,5324,161,1,1,339,-57.5,27.9,4.5,6.9,85.4,74,37,5.67
2023-03-22,5324,161,1,2,356,-52.2,29.3,0.4,12.4,81.5,68.7,37,5.67
2023-03-22,5324,161,1,3,398,-55.5,29.4,4.7,7.2,84.9,73,37,5.67
2023-03-22,5324,161,1,4,366,-51.6,30.3,1.6,10.2,81.9,70.1,37,5.67
2023-03-22,5324,161,1,5,387,-52.3,33.2,0.7,10.5,85.5,74.3,37,5.67
2023-03-22,5324,161,1,6,323,-54,33.7,2.7,15.1,87.7,69.9,37,5.67
2023-03-22,5324,161,1,7,347,-55.4,31.3,2.7,7.9,86.7,76.1,37,5.67
2023-03-22,5324,161,1,8,380,-55,29.9,7.7,5,84.9,72.2,37,5.67
2023-03-22,5324,161,2,1,310,-56.2,27.8,4.6,8.2,84,71.2,36.4,5.23
2023-03-22,5324,161,2,2,330,-50.3,29.2,0.5,12.5,79.5,66.5,36.4,5.23
2023-03-22,5324,161,2,3,388,-54.4,29.4,4.8,7.4,83.8,71.6,36.4,5.23
2023-03-22,5324,161,2,4,352,-50.6,29.5,2.4,10.3,80.1,67.4,36.4,5.23
2023-03-22,5324,161,2,5,371,-51.1,33.9,0.5,10.1,85,74.4,36.4,5.23
2023-03-22,5324,161,2,6,289,-52.3,33.3,4,16.4,85.6,65.2,36.4,5.23
2023-03-22,5324,161,2,7,325,-54,31.7,3.8,9,85.7,72.9,36.4,5.23
2023-03-22,5324,161,2,8,352,-54.1,29.9,8.2,6,84,69.8,36.4,5.23
2023-03-22,5324,161,3,1,283,-56.3,28.2,4.3,8,84.5,72.2,37.6,5.57
2023-03-22,5324,161,3,2,344,-51.1,28.5,0.5,12.4,79.6,66.7,37.6,5.57
2023-03-22,5324,161,3,3,383,-55.1,29.8,4.4,8,84.9,72.5,37.6,5.57
2023-03-22,5324,161,3,4,338,-51.4,29.3,2.1,9.9,80.7,68.7,37.6,5.57
2023-03-22,5324,161,3,5,371,-53,30.7,5,8.2,83.7,70.5,37.6,5.57
2023-03-22,5324,161,3,6,280,-52.4,32.6,2.7,15.8,85,66.5,37.6,5.57
2023-03-22,5324,161,3,7,309,-54.8,31.9,4.6,10.3,86.7,71.8,37.6,5.57
2023-03-22,5324,161,3,8,350,-53.7,29.1,7.8,5.1,82.8,69.9,37.6,5.57
2023-04-04,5325,199,2,1,287,-55.4,31.4,7.3,14.2,86.8,65.3,34.4,5.68
2023-04-04,5325,199,2,2,352,-55.8,30.8,8.3,9,86.6,69.3,34.4,5.68
2023-04-04,5325,199,2,3,342,-56.6,32.4,9.5,10.9,89,68.6,34.4,5.68
2023-04-04,5325,199,2,4,377,-55,31.5,8,8.5,86.5,70,34.4,5.68
2023-04-04,5325,199,2,5,342,-54.4,32.1,10.7,11.2,86.5,64.6,34.4,5.68
2023-04-04,5325,199,2,6,341,-59.8,32.2,8.7,7.8,92,75.5,34.4,5.68
2023-04-04,5325,199,2,7,344,-56.2,31.9,8.3,13,88.1,66.8,34.4,5.68
2023-04-04,5325,199,2,8,389,-57.5,30.3,10.6,5.4,87.8,71.8,34.4,5.68
2023-04-04,5325,199,3,1,259,-55.3,31.1,8.2,15.3,86.4,62.9,33.3,4.87
2023-04-04,5325,199,3,2,384,-55.4,31.7,8.1,8.6,87.1,70.4,33.3,4.87
2023-04-04,5325,199,3,3,345,-54.2,32.4,9.3,11,86.6,66.3,33.3,4.87
2023-04-04,5325,199,3,4,370,-54.7,31.7,8.8,9,86.4,68.6,33.3,4.87
2023-04-04,5325,199,3,5,365,-53.6,31.5,9.8,10.2,85.1,65.1,33.3,4.87
2023-04-04,5325,199,3,6,342,-58.8,32.1,8.1,7.6,90.9,75.2,33.3,4.87
2023-04-04,5325,199,3,7,327,-54.2,32.1,8.5,13.1,86.3,64.7,33.3,4.87
2023-04-04,5325,199,3,8,345,-56.3,32.6,8.4,9.1,88.9,71.4,33.3,4.87
2023-04-04,5325,199,1,1,301,-56.1,31.8,7.5,14.3,87.9,66.1,31.1,4.96
2023-04-04,5325,199,1,2,386,-56.1,31.7,8.4,9,87.8,70.4,31.1,4.96
2023-04-04,5325,199,1,3,374,-56.7,33.1,8.3,10.6,89.8,70.9,31.1,4.96
2023-04-04,5325,199,1,4,393,-55.7,32.2,8.4,8.5,87.9,71,31.1,4.96
2023-04-04,5325,199,1,5,382,-54.6,32.1,9.7,10.1,86.7,66.9,31.1,4.96
2023-04-04,5325,199,1,6,363,-59.2,32.4,8.8,8.3,91.6,74.5,31.1,4.96
2023-04-04,5325,199,1,7,357,-56.2,32,8.7,12.9,88.2,66.6,31.1,4.96
2023-04-04,5325,199,1,8,413,-57,30.9,10.5,4.2,87.9,73.2,31.1,4.96
2023-04-04,5324,213,2,1,156,-,-,-,-,#VALUE!,#VALUE!,35.7,5.68
2023-04-04,5324,213,2,2,283,-54.9,26.6,8.1,14.8,81.5,58.6,35.7,5.68
2023-04-04,5324,213,2,3,327,-57.3,29.7,6.7,12.1,87,68.2,35.7,5.68
2023-04-04,5324,213,2,4,331,-55.4,27.1,7.8,12.8,82.5,61.9,35.7,5.68
2023-04-04,5324,213,2,5,345,-56.4,32,7.2,8.2,88.4,73,35.7,5.68
2023-04-04,5324,213,2,6,296,-58,29.7,8,15,87.7,64.7,35.7,5.68
2023-04-04,5324,213,2,7,308,-57.6,31.3,13,12.3,88.9,63.6,35.7,5.68
2023-04-04,5324,213,2,8,318,-58.1,28.9,8.8,9.8,87,68.4,35.7,5.68
2023-04-04,5253,473,3,1,291,-48.6,28.7,6,10.6,77.3,60.7,35.6,4.63
2023-04-04,5253,473,3,2,-,-,-,-,-,#VALUE!,#VALUE!,35.6,4.63
2023-04-04,5253,473,3,3,263,-53.1,27.8,9.1,11.1,80.9,60.7,35.6,4.63
2023-04-04,5253,473,3,4,273,-52,28.2,10.4,18.6,80.2,51.2,35.6,4.63
2023-04-04,5253,473,3,5,376,-52.8,28.2,10.8,8,81,62.2,35.6,4.63
2023-04-04,5253,473,3,6,289,-49.1,31.2,9.6,8.7,80.3,62,35.6,4.63
2023-04-04,5253,473,3,7,329,-52.4,27.9,9.1,10.5,80.3,60.7,35.6,4.63
2023-04-04,5253,473,3,8,260,-49.4,28.4,7.5,11.8,77.8,58.5,35.6,4.63
2023-04-04,5253,473,1,1,329,-49.7,28.4,5.4,9.8,78.1,62.9,36.5,5.01
2023-04-04,5253,473,1,2,238,-60.7,14.5,10.6,4.5,75.2,60.1,36.5,5.01
2023-04-04,5253,473,1,3,303,-52.7,29.1,7.9,11,81.8,62.9,36.5,5.01
2023-04-04,5253,473,1,4,315,-52.3,29.2,9.2,18.2,81.5,54.1,36.5,5.01
2023-04-04,5253,473,1,5,409,-52,28.5,9.1,7.7,80.5,63.7,36.5,5.01
2023-04-04,5253,473,1,6,329,-50,31,8.5,7.6,81,64.9,36.5,5.01
2023-04-04,5253,473,1,7,364,52.8,27.9,8.3,9.6,-24.9,-42.8,36.5,5.01
2023-04-04,5253,473,1,8,342,-51.7,27.9,6.2,9.2,79.6,64.2,36.5,5.01
2023-04-04,5324,213,3,1,156,-,-,-,-,#VALUE!,#VALUE!,34.1,4.69
2023-04-04,5324,213,3,2,238,-52.1,26.3,9.2,14.7,78.4,54.5,34.1,4.69
2023-04-04,5324,213,3,3,329,-56.1,30.1,7.1,12.2,86.2,66.9,34.1,4.69
2023-04-04,5324,213,3,4,308,-54.1,26.5,7.6,12.3,80.6,60.7,34.1,4.69
2023-04-04,5324,213,3,5,323,-53.3,32,8.4,8.2,85.3,68.7,34.1,4.69
2023-04-04,5324,213,3,6,294,-57.1,29.4,7.4,14.9,86.5,64.2,34.1,4.69
2023-04-04,5324,213,3,7,303,-55.2,31.1,12,11.5,86.3,62.8,34.1,4.69
2023-04-04,5324,213,3,8,332,-58.3,25.9,10,6,84.2,68.2,34.1,4.69
2023-04-04,5253,473,2,1,311,-50.9,29.2,5.6,10.2,80.1,64.3,35.5,5.48
2023-04-04,5253,473,2,2,2,-21.3,-21,-0.4,0.6,0.3,0.1,35.5,5.48
2023-04-04,5253,473,2,3,284,-55.1,29.3,9.1,11.3,84.4,64,35.5,5.48
2023-04-04,5253,473,2,4,272,-54.1,28.8,11.4,18.1,82.9,53.4,35.5,5.48
2023-04-04,5253,473,2,5,358,-52.7,28.8,10,8.7,81.5,62.8,35.5,5.48
2023-04-04,5253,473,2,6,304,-51.6,31.2,10,7.2,82.8,65.6,35.5,5.48
2023-04-04,5253,473,2,7,340,-54.5,28.8,10.7,9,83.3,63.6,35.5,5.48
2023-04-04,5253,473,2,8,270,-51.7,27.9,7.3,10,79.6,62.3,35.5,5.48
2023-04-04,5324,213,1,1,156,-,-,-,-,#VALUE!,#VALUE!,34.5,5.02
2023-04-04,5324,213,1,2,341,-54.3,27,6.6,12.7,81.3,62,34.5,5.02
2023-04-04,5324,213,1,3,356,-57.6,29.9,5.9,11.2,87.5,70.4,34.5,5.02
2023-04-04,5324,213,1,4,334,-54.5,26.8,7.1,12.4,81.3,61.8,34.5,5.02
2023-04-04,5324,213,1,5,354,-55.1,32.2,7,7.8,87.3,72.5,34.5,5.02
2023-04-04,5324,213,1,6,311,-57.9,30.4,7.1,14.9,88.3,66.3,34.5,5.02
2023-04-04,5324,213,1,7,311,-57.2,31.1,12.6,11.3,88.3,64.4,34.5,5.02
2023-04-04,5324,213,1,8,314,-57.5,29.3,8.1,10.4,86.8,68.3,34.5,5.02
2023-04-04,5239,786,3,1,173,-57.9,27.5,17.7,10.7,85.4,57,32.7,4.52
2023-04-04,5239,786,3,2,303,-56.6,28.3,13.5,11.7,84.9,59.7,32.7,4.52
2023-04-04,5239,786,3,3,307,-56.7,29.9,8.7,10.4,86.6,67.5,32.7,4.52
2023-04-04,5239,786,3,4,286,-55.7,31.9,7.8,9.5,87.6,70.3,32.7,4.52
2023-04-04,5239,786,3,5,300,-56.9,32.4,10.8,14.2,89.3,64.3,32.7,4.52
2023-04-04,5239,786,3,6,336,-49.8,34.8,8.4,10.9,84.6,65.3,32.7,4.52
2023-04-04,5239,786,3,7,291,-53,30.7,4.9,10.7,83.7,68.1,32.7,4.52
2023-04-04,5239,786,3,8,303,-57.4,31.9,9.3,9.4,89.3,70.6,32.7,4.52
2023-04-04,5239,786,2,1,199,-58.1,27.6,18.4,8.7,85.7,58.6,33.4,5.44
2023-04-04,5239,786,2,2,316,-56.5,28.3,11.5,11.4,84.8,61.9,33.4,5.44
2023-04-04,5239,786,2,3,312,-57,29.5,8.1,10.1,86.5,68.3,33.4,5.44
2023-04-04,5239,786,2,4,272,-57.4,32.1,9.3,9.9,89.5,70.3,33.4,5.44
2023-04-04,5239,786,2,5,288,-57.2,32.5,11.6,13.9,89.7,64.2,33.4,5.44
2023-04-04,5239,786,2,6,316,-52.2,33.5,10.6,11.1,85.7,64,33.4,5.44
2023-04-04,5239,786,2,7,304,-53.3,31.6,4.5,10.5,84.9,69.9,33.4,5.44
2023-04-04,5239,786,2,8,319,-59.6,31.6,9.2,9.6,91.2,72.4,33.4,5.44
2023-04-04,5239,786,1,1,187,-57.9,27.9,17.2,10.7,85.8,57.9,33.2,4.77
2023-04-04,5239,786,1,2,310,-56.7,29,14.6,12.7,85.7,58.4,33.2,4.77
2023-04-04,5239,786,1,3,328,-56.3,31.4,9.4,10.6,87.7,67.7,33.2,4.77
2023-04-04,5239,786,1,4,294,-55.7,32.3,8.1,9,88,70.9,33.2,4.77
2023-04-04,5239,786,1,5,327,-56.9,32.1,8.9,13.2,89,66.9,33.2,4.77
2023-04-04,5239,786,1,6,344,-51.8,33.9,8.9,10.5,85.7,66.3,33.2,4.77
2023-04-04,5239,786,1,7,327,-53.8,31.5,4.5,10.4,85.3,70.4,33.2,4.77
2023-04-04,5239,786,1,8,307,-58.2,31.9,9.5,9.7,90.1,70.9,33.2,4.77
2023-04-12,5239,809,1,1,122,-53.2,28.2,29,14.4,81.4,38,35.2,4.99
2023-04-12,5239,809,1,2,-,-,-,-,-,#VALUE!,#VALUE!,35.2,4.99
2023-04-12,5239,809,1,3,282,-53.1,29.1,9,8.5,82.2,64.7,35.2,4.99
2023-04-12,5239,809,1,4,265,-55.3,26.7,14.4,10.5,82,57.1,35.2,4.99
2023-04-12,5239,809,1,5,311,-55.1,30.4,9.9,12.7,85.5,62.9,35.2,4.99
2023-04-12,5239,809,1,6,312,-50.6,33.5,9.8,11.3,84.1,63,35.2,4.99
2023-04-12,5239,809,1,7,306,-53.6,32.1,4.6,11,85.7,70.1,35.2,4.99
2023-04-12,5239,809,1,8,330,-57.3,28.2,6.4,9.4,85.5,69.7,35.2,4.99
2023-04-12,5239,809,2,1,100,-51.3,27.4,30.9,14.2,78.7,33.6,34.6,4.96
2023-04-12,5239,809,2,2,-,-,-,-,-,#VALUE!,#VALUE!,34.6,4.96
2023-04-12,5239,809,2,3,285,-51.5,29.3,8.4,8.3,80.8,64.1,34.6,4.96
2023-04-12,5239,809,2,4,261,-55.1,26.5,14.6,10.2,81.6,56.8,34.6,4.96
2023-04-12,5239,809,2,5,294,-53.5,30.9,9.6,12.4,84.4,62.4,34.6,4.96
2023-04-12,5239,809,2,6,316,-49.4,33.8,9,10.5,83.2,63.7,34.6,4.96
2023-04-12,5239,809,2,7,280,-52.7,31.6,4.9,11.5,84.3,67.9,34.6,4.96
2023-04-12,5239,809,2,8,315,-56.9,28.3,6.3,9.2,85.2,69.7,34.6,4.96
2023-04-12,5239,809,3,1,118,-52.2,27.6,30.2,14.4,79.8,35.2,35.2,4.8
2023-04-12,5239,809,3,2,-,-,-,-,-,#VALUE!,#VALUE!,35.2,4.8
2023-04-12,5239,809,3,3,272,-52.1,29.2,9.8,8.7,81.3,62.8,35.2,4.8
2023-04-12,5239,809,3,4,269,-55.9,26.3,14.7,10.1,82.2,57.4,35.2,4.8
2023-04-12,5239,809,3,5,282,-55,30.6,10.9,12.7,85.6,62,35.2,4.8
2023-04-12,5239,809,3,6,295,-49.5,33.6,9.6,11.6,83.1,61.9,35.2,4.8
2023-04-12,5239,809,3,7,267,-52.5,32,5.3,12.2,84.5,67,35.2,4.8
2023-04-12,5239,809,3,8,309,-57.6,28.2,7.2,9.7,85.8,68.9,35.2,4.8
2023-04-12,5325,205,1,1,327,-55.1,31.1,6.1,13,86.2,67.1,38,5.57
2023-04-12,5325,205,1,2,294,-55,31.2,5.9,9,86.2,71.3,38,5.57
2023-04-12,5325,205,1,3,193,-52.4,30.7,17.5,11.2,83.1,54.4,38,5.57
2023-04-12,5325,205,1,4,389,-55.8,32,7.6,9.6,87.8,70.6,38,5.57
2023-04-12,5325,205,1,5,383,-55.3,31.7,6.9,8.7,87,71.4,38,5.57
2023-04-12,5325,205,1,6,385,-53.2,29.1,6.4,13.3,82.3,62.6,38,5.57
2023-04-12,5325,205,1,7,396,-54,32.2,7.2,12.6,86.2,66.4,38,5.57
2023-04-12,5325,205,1,8,399,-55.7,30.6,10.3,6.8,86.3,69.2,38,5.57
2023-04-12,5325,205,2,1,296,-54,30.4,7,14.4,84.4,63,37.2,5.55
2023-04-12,5325,205,2,2,262,-54.6,30.6,6.3,9.4,85.2,69.5,37.2,5.55
2023-04-12,5325,205,2,3,174,-51.3,30.7,17.1,11.9,82,53,37.2,5.55
2023-04-12,5325,205,2,4,387,-55.8,31.9,7.4,9.4,87.7,70.9,37.2,5.55
2023-04-12,5325,205,2,5,323,-54.3,31.8,8.8,9.8,86.1,67.5,37.2,5.55
2023-04-12,5325,205,2,6,406,-57.3,29.1,5.9,9,86.4,71.5,37.2,5.55
2023-04-12,5325,205,2,7,351,-54,31.3,7.9,13,85.3,64.4,37.2,5.55
2023-04-12,5325,205,2,8,372,-55.9,30.9,10.4,8.2,86.8,68.2,37.2,5.55
2023-04-12,5325,205,3,1,307,-55.3,30.6,6.5,14.3,85.9,65.1,37.3,5.47
2023-04-12,5325,205,3,2,255,-54.1,31,5.7,10,85.1,69.4,37.3,5.47
2023-04-12,5325,205,3,3,199,-52.9,30.4,16.4,10,83.3,56.9,37.3,5.47
2023-04-12,5325,205,3,4,389,-55.9,32.2,7.9,9.6,88.1,70.6,37.3,5.47
2023-04-12,5325,205,3,5,344,-55.9,32.2,7.4,9.3,88.1,71.4,37.3,5.47
2023-04-12,5325,205,3,6,390,-57.5,29.1,6.1,9.4,86.6,71.1,37.3,5.47
2023-04-12,5325,205,3,7,363,-55.4,31.7,7.5,13.3,87.1,66.3,37.3,5.47
2023-04-12,5325,205,3,8,359,-55.9,31.1,11.3,7.7,87,68,37.3,5.47
2023-04-12,5324,242,1,1,303,-55.3,30.1,9.7,12.3,85.4,63.4,36.9,5.55
2023-04-12,5324,242,1,2,369,-56.2,31.3,4.6,11.7,87.5,71.2,36.9,5.55
2023-04-12,5324,242,1,3,364,-57.5,30.3,7.1,11.5,87.8,69.2,36.9,5.55
2023-04-12,5324,242,1,4,365,-53.4,28.2,4.7,13,81.6,63.9,36.9,5.55
2023-04-12,5324,242,1,5,404,-56.2,32,5.5,10.1,88.2,72.6,36.9,5.55
2023-04-12,5324,242,1,6,399,-63.9,22.4,6.1,9.1,86.3,71.1,36.9,5.55
2023-04-12,5324,242,1,7,415,-56.7,32.8,9.5,10.9,89.5,69.1,36.9,5.55
2023-04-12,5324,242,1,8,336,-58.3,29.2,8.5,9.3,87.5,69.7,36.9,5.55
2023-04-12,5324,242,2,1,285,-53.1,29.8,9.9,11.8,82.9,61.2,35.6,5.32
2023-04-12,5324,242,2,2,313,-54.8,31.1,6.7,12.6,85.9,66.6,35.6,5.32
2023-04-12,5324,242,2,3,339,-55.6,30.1,7.7,11.1,85.7,66.9,35.6,5.32
2023-04-12,5324,242,2,4,320,-52.1,27.7,5.7,12.9,79.8,61.2,35.6,5.32
2023-04-12,5324,242,2,5,348,-53.1,31.4,8.2,9.9,84.5,66.4,35.6,5.32
2023-04-12,5324,242,2,6,319,-59.4,22.3,7.3,12.8,81.7,61.6,35.6,5.32
2023-04-12,5324,242,2,7,309,-53.9,32.3,11.5,12.3,86.2,62.4,35.6,5.32
2023-04-12,5324,242,2,8,304,-56.6,29.3,8.5,10.4,85.9,67,35.6,5.32
2023-04-12,5324,242,3,1,310,-53.7,29.9,9.5,11.9,83.6,62.2,37.9,5.42
2023-04-12,5324,242,3,2,343,-54.1,30.5,6.3,12.1,84.6,66.2,37.9,5.42
2023-04-12,5324,242,3,3,346,-56,29.8,8.2,11.5,85.8,66.1,37.9,5.42
2023-04-12,5324,242,3,4,355,-51.8,27.6,4.8,12.6,79.4,62,37.9,5.42
2023-04-12,5324,242,3,5,382,-53.8,30.8,5.7,9.9,84.6,69,37.9,5.42
2023-04-12,5324,242,3,6,343,-59.7,22.3,6.9,12.5,82,62.6,37.9,5.42
2023-04-12,5324,242,3,7,379,-54,32.7,9.4,11.9,86.7,65.4,37.9,5.42
2023-04-12,5324,242,3,8,328,-56.5,28.7,8.3,9.5,85.2,67.4,37.9,5.42
2023-04-12,5253,486,3,1,315,-56.4,27.6,7.6,9.4,84,67,36,5.19
2023-04-12,5253,486,3,2,295,-53.2,28,9,7.1,81.2,65.1,36,5.19
2023-04-12,5253,486,3,3,394,-54.3,31,9.8,8.6,85.3,66.9,36,5.19
2023-04-12,5253,486,3,4,298,-54.2,32.5,8.3,16.2,86.7,62.2,36,5.19
2023-04-12,5253,486,3,5,287,-54,29.5,8.2,12.7,83.5,62.6,36,5.19
2023-04-12,5253,486,3,6,314,-52.8,30.5,10.1,18.7,83.3,54.5,36,5.19
2023-04-12,5253,486,3,7,291,-55.7,27.6,8.2,10.9,83.3,64.2,36,5.19
2023-04-12,5253,486,3,8,285,-55.8,28.2,7.6,10.9,84,65.5,36,5.19
2023-04-12,5253,486,1,1,337,-56.8,28.3,7.1,9.2,85.1,68.8,34.6,5.23
2023-04-12,5253,486,1,2,294,-54.2,28.5,9.6,7.7,82.7,65.4,34.6,5.23
2023-04-12,5253,486,1,3,389,-55.1,31,10,9,86.1,67.1,34.6,5.23
2023-04-12,5253,486,1,4,261,-55.8,31.2,8.8,8.5,87,69.7,34.6,5.23
2023-04-12,5253,486,1,5,291,-54.8,29.3,8.4,11.7,84.1,64,34.6,5.23
2023-04-12,5253,486,1,6,276,-53.4,31.2,11,19.5,84.6,54.1,34.6,5.23
2023-04-12,5253,486,1,7,287,-55.2,28.1,8.6,10.1,83.3,64.6,34.6,5.23
2023-04-12,5253,486,1,8,302,-57.1,27.8,8,10.5,84.9,66.4,34.6,5.23
2023-04-12,5253,486,2,1,317,-55.8,27.7,7.9,9.8,83.5,65.8,35.2,5.36
2023-04-12,5253,486,2,2,307,-54.3,28.7,9,8,83,66,35.2,5.36
2023-04-12,5253,486,2,3,398,-53.6,31.2,10.3,8.8,84.8,65.7,35.2,5.36
2023-04-12,5253,486,2,4,249,-55,31,9,9.2,86,67.8,35.2,5.36
2023-04-12,5253,486,2,5,309,-54.1,29.7,8,12.7,83.8,63.1,35.2,5.36
2023-04-12,5253,486,2,6,332,-53.2,30.7,10.5,18.3,83.9,55.1,35.2,5.36
2023-04-12,5253,486,2,7,289,-54.7,28,8.2,10.9,82.7,63.6,35.2,5.36
2023-04-12,5253,486,2,8,301,-56.6,27.4,7.3,10,84,66.7,35.2,5.36
2023-04-19,5325,222,1,1,338,-57.3,30,8.3,10.5,87.3,68.5,36.8,5.72
2023-04-19,5325,222,1,2,370,-56.4,32.3,7.1,7.9,88.7,73.7,36.8,5.72
2023-04-19,5325,222,1,3,358,-54.6,28.9,9,8,83.5,66.5,36.8,5.72
2023-04-19,5325,222,1,4,374,-54.6,31.1,7.2,8.8,85.7,69.7,36.8,5.72
2023-04-19,5325,222,1,5,347,-55.5,32.4,6.8,9.5,87.9,71.6,36.8,5.72
2023-04-19,5325,222,1,6,370,-65.2,21.2,7,9.9,86.4,69.5,36.8,5.72
2023-04-19,5325,222,1,7,411,-54.4,32.3,8.1,11.8,86.7,66.8,36.8,5.72
2023-04-19,5325,222,1,8,319,-58.8,28.4,8.9,10.2,87.2,68.1,36.8,5.72
2023-04-19,5325,222,2,1,305,-55.5,29.7,9.5,11.3,85.2,64.4,35.9,5.16
2023-04-19,5325,222,2,2,352,-56.2,31.8,7.1,8.2,88,72.7,35.9,5.16
2023-04-19,5325,222,2,3,346,-53.4,28.9,9.4,7.9,82.3,65,35.9,5.16
2023-04-19,5325,222,2,4,359,-54.5,31.8,7.3,8.5,86.3,70.5,35.9,5.16
2023-04-19,5325,222,2,5,306,-53.8,32,8.1,9.5,85.8,68.2,35.9,5.16
2023-04-19,5325,222,2,6,335,-65.3,21.4,7.6,10.7,86.7,68.4,35.9,5.16
2023-04-19,5325,222,2,7,353,-53.4,31.6,9.5,12,85,63.5,35.9,5.16
2023-04-19,5325,222,2,8,304,-58.1,28.9,8.5,11.3,87,67.2,35.9,5.16
2023-04-19,5324,253,1,1,331,-57.1,30.5,9.1,11.3,87.6,67.2,35.7,5.65
2023-04-19,5324,253,1,2,317,-55.9,27.9,6.7,10.5,83.8,66.6,35.7,5.65
2023-04-19,5324,253,1,3,339,-60.9,27.8,6,12.7,88.7,70,35.7,5.65
2023-04-19,5324,253,1,4,349,-56.1,30.2,9.6,19.7,86.3,57,35.7,5.65
2023-04-19,5324,253,1,5,412,-51.7,37.3,7.7,8.5,89,72.8,35.7,5.65
2023-04-19,5324,253,1,6,367,-54.6,28.8,7.4,13.3,83.4,62.7,35.7,5.65
2023-04-19,5324,253,1,7,362,-53.4,29.7,6.5,13.9,83.1,62.7,35.7,5.65
2023-04-19,5324,253,1,8,379,-57,31.4,7.5,11.4,88.4,69.5,35.7,5.65
2023-04-19,5324,253,2,1,322,-54.6,30.3,9.2,11.4,84.9,64.3,35.6,5.19
2023-04-19,5324,253,2,2,334,-56.6,28.1,6.9,10.3,84.7,67.5,35.6,5.19
2023-04-19,5324,253,2,3,331,-59.5,27,5.8,12.7,86.5,68,35.6,5.19
2023-04-19,5324,253,2,4,327,-55.6,30,9.1,21.2,85.6,55.3,35.6,5.19
2023-04-19,5324,253,2,5,372,-50.7,37.3,10.5,10.2,88,67.3,35.6,5.19
2023-04-19,5324,253,2,6,344,-53.9,28.8,8,13.8,82.7,60.9,35.6,5.19
2023-04-19,5324,253,2,7,362,-52.8,29.6,6.3,13.6,82.4,62.5,35.6,5.19
2023-04-19,5324,253,2,8,350,-56,30.6,7.7,11.8,86.6,67.1,35.6,5.19
2023-04-19,5324,253,3,1,314,-55.9,30.5,9,11.5,86.4,65.9,35.4,5.42
2023-04-19,5324,253,3,2,355,-57.5,28.1,6.4,10.7,85.6,68.5,35.4,5.42
2023-04-19,5324,253,3,3,311,-61.8,26.3,9.6,11.2,88.1,67.3,35.4,5.42
2023-04-19,5324,253,3,4,316,-55.3,29.8,8.9,20.4,85.1,55.8,35.4,5.42
2023-04-19,5324,253,3,5,365,-50.8,37.4,10.4,9.9,88.2,67.9,35.4,5.42
2023-04-19,5324,253,3,6,329,-54.2,28.2,7.9,14,82.4,60.5,35.4,5.42
2023-04-19,5324,253,3,7,326,-53.1,29.6,7.4,14.5,82.7,60.8,35.4,5.42
2023-04-19,5324,253,3,8,324,-55.7,31.8,8.3,12.4,87.5,66.8,35.4,5.42
2023-04-19,5325,222,3,1,324,-55.4,30.5,5.8,13.6,85.9,66.5,36.7,5.58
2023-04-19,5325,222,3,2,330,-55.4,31.9,8.3,9.3,87.3,69.7,36.7,5.58
2023-04-19,5325,222,3,3,342,-54,29,8.6,8.6,83,65.8,36.7,5.58
2023-04-19,5325,222,3,4,367,-53.8,31.2,7.3,8.2,85,69.5,36.7,5.58
2023-04-19,5325,222,3,5,313,-54.9,32.5,6.7,10,87.4,70.7,36.7,5.58
2023-04-19,5325,222,3,6,342,-64.8,21.2,7.5,9.8,86,68.7,36.7,5.58
2023-04-19,5325,222,3,7,384,-53.2,32.3,8.5,11.8,85.5,65.2,36.7,5.58
2023-04-19,5325,222,3,8,317,-58.3,28.5,9.6,10.2,86.8,67,36.7,5.58
2023-04-26,5325,248,1,1,445,-58.2,28.8,11,5.5,87,70.5,37.6,5.9
2023-04-26,5325,248,1,2,385,-55.1,33.1,5.8,13.2,88.2,69.2,37.6,5.9
2023-04-26,5325,248,1,3,440,-56.2,32,5.4,7.7,88.2,75.1,37.6,5.9
2023-04-26,5325,248,1,4,472,-53.6,32.5,8.1,8.3,86.1,69.7,37.6,5.9
2023-04-26,5325,248,1,5,402,-57.1,31.8,8.1,8.2,88.9,72.6,37.6,5.9
2023-04-26,5325,248,1,6,459,-54.6,33.1,7.8,10.6,87.7,69.3,37.6,5.9
2023-04-26,5325,248,1,7,400,-59,32.4,8.7,8.2,91.4,74.5,37.6,5.9
2023-04-26,5325,248,1,8,397,-57.3,29.4,6.2,12.1,86.7,68.4,37.6,5.9
2023-04-26,5325,248,2,1,426,-57.6,28.4,11.2,6.1,86,68.7,38.1,5.86
2023-04-26,5325,248,2,2,364,-54.3,32.8,6.2,13.5,87.1,67.4,38.1,5.86
2023-04-26,5325,248,2,3,423,-55.2,31.7,5.3,8.6,86.9,73,38.1,5.86
2023-04-26,5325,248,2,4,454,-53.2,32.1,9,8.5,85.3,67.8,38.1,5.86
2023-04-26,5325,248,2,5,411,-56.4,31.6,7.5,8.4,88,72.1,38.1,5.86
2023-04-26,5325,248,2,6,442,-54.2,32.8,8.6,11.2,87,67.2,38.1,5.86
2023-04-26,5325,248,2,7,404,-58.4,32.5,8.6,8.5,90.9,73.8,38.1,5.86
2023-04-26,5325,248,2,8,398,-56.1,29.4,5.9,12.8,85.5,66.8,38.1,5.86
2023-04-26,5325,248,3,1,430,-57.4,28.5,11.1,6.3,85.9,68.5,38.5,5.92
2023-04-26,5325,248,3,2,367,-54.2,32.5,6.1,13.1,86.7,67.5,38.5,5.92
2023-04-26,5325,248,3,3,449,-55.4,31.5,4.6,8.6,86.9,73.7,38.5,5.92
2023-04-26,5325,248,3,4,464,-53.3,31.8,8.7,8.3,85.1,68.1,38.5,5.92
2023-04-26,5325,248,3,5,414,-56.6,31.9,7.4,8.4,88.5,72.7,38.5,5.92
2023-04-26,5325,248,3,6,437,-53.9,32.8,8.2,11.6,86.7,66.9,38.5,5.92
2023-04-26,5325,248,3,7,394,-58,32.7,8.5,8.5,90.7,73.7,38.5,5.92
2023-04-26,5325,248,3,8,379,-55.6,29.8,6.5,13.3,85.4,65.6,38.5,5.92
2023-04-26,5253,513,1,1,403,-54.4,29,2.9,9.6,83.4,70.9,36.2,5.65
2023-04-26,5253,513,1,2,371,-58,27.4,7,4.5,85.4,73.9,36.2,5.65
2023-04-26,5253,513,1,3,353,-56.5,29,7.1,11.4,85.5,67,36.2,5.65
2023-04-26,5253,513,1,4,381,-57.8,29.9,8.3,18.6,87.7,60.8,36.2,5.65
2023-04-26,5253,513,1,5,471,-53.8,28.2,1.9,8.8,82,71.3,36.2,5.65
2023-04-26,5253,513,1,6,346,-56.8,31.6,6.3,13,88.4,69.1,36.2,5.65
2023-04-26,5253,513,1,7,371,-56.1,29.7,8.5,9.3,85.8,68,36.2,5.65
2023-04-26,5253,513,1,8,353,-54.4,31.8,5.9,9.1,86.2,71.2,36.2,5.65
2023-04-26,5253,513,2,1,366,-53.6,28,3.6,10.6,81.6,67.4,37,5.59
2023-04-26,5253,513,2,2,361,-57.3,27.8,7.6,6.4,85.1,71.1,37,5.59
2023-04-26,5253,513,2,3,334,-55.7,28.2,7.7,11.4,83.9,64.8,37,5.59
2023-04-26,5253,513,2,4,358,-57.1,29.3,8.5,9.4,86.4,68.5,37,5.59
2023-04-26,5253,513,2,5,467,-,-,-,-,#VALUE!,#VALUE!,37,5.59
2023-04-26,5253,513,2,6,337,-55.9,31.4,6.8,12.8,87.3,67.7,37,5.59
2023-04-26,5253,513,2,7,360,-55.2,29.4,8.9,9.2,84.6,66.5,37,5.59
2023-04-26,5253,513,2,8,345,-53.5,31.7,5.6,9.7,85.2,69.9,37,5.59
2023-04-26,5253,513,3,1,375,-53.3,28,3,11.1,81.3,67.2,37.2,5.69
2023-04-26,5253,513,3,2,370,-57.1,27.7,7.5,5,84.8,72.3,37.2,5.69
2023-04-26,5253,513,3,3,336,-55.2,28.3,7.4,11,83.5,65.1,37.2,5.69
2023-04-26,5253,513,3,4,360,-57,29.2,8.1,20,86.2,58.1,37.2,5.69
2023-04-26,5253,513,3,5,467,-,-,-,-,#VALUE!,#VALUE!,37.2,5.69
2023-04-26,5253,513,3,6,334,-55.8,31.7,6.7,12.9,87.5,67.9,37.2,5.69
2023-04-26,5253,513,3,7,360,-54.3,29.7,9,9.4,84,65.6,37.2,5.69
2023-04-26,5253,513,3,8,359,-53.5,32.1,5.2,9,85.6,71.4,37.2,5.69
2023-05-04,5325,201,1,1,305,-53.9,32.2,6.3,13.6,86.1,66.2,35.4,5.75
2023-05-04,5325,201,1,2,396,-56.2,31.2,8.2,9.1,87.4,70.1,35.4,5.75
2023-05-04,5325,201,1,3,369,-56.1,32.1,7.9,11.3,88.2,69,35.4,5.75
2023-05-04,5325,201,1,4,366,-55.8,31.1,8.3,9.3,86.9,69.3,35.4,5.75
2023-05-04,5325,201,1,5,403,-54.7,31.4,9.5,9.5,86.1,67.1,35.4,5.75
2023-05-04,5325,201,1,6,373,-60.4,31.4,8.5,7.4,91.8,75.9,35.4,5.75
2023-05-04,5325,201,1,7,367,-56.1,31.5,8.5,13.1,87.6,66,35.4,5.75
2023-05-04,5325,201,1,8,364,-56.9,32.5,8.5,8.9,89.4,72,35.4,5.75
2023-05-04,5325,201,2,1,274,-54.5,33,6.5,15,87.5,66,32.4,4.7
2023-05-04,5325,201,2,2,288,-53.7,29.6,10.8,12,83.3,60.5,32.4,4.7
2023-05-04,5325,201,2,3,325,-55.3,32.3,9.6,11.4,87.6,66.6,32.4,4.7
2023-05-04,5325,201,2,4,322,-54.2,28.8,7.9,12.6,83,62.5,32.4,4.7
2023-05-04,5325,201,2,5,344,-53.9,31.8,10.1,8.5,85.7,67.1,32.4,4.7
2023-05-04,5325,201,2,6,349,-58.5,31.4,6.7,7.3,89.9,75.9,32.4,4.7
2023-05-04,5325,201,2,7,316,-55.8,31.9,8.7,12.8,87.7,66.2,32.4,4.7
2023-05-04,5325,201,2,8,312,-55.4,32.3,8.3,10,87.7,69.4,32.4,4.7
2023-05-04,5325,201,3,1,289,-54.1,32.3,6.9,14.7,86.4,64.8,35.9,5.69
2023-05-04,5325,201,3,2,360,-55.9,29.6,9.2,11.1,85.5,65.2,35.9,5.69
2023-05-04,5325,201,3,3,366,-56.5,30.5,8.3,11.1,87,67.6,35.9,5.69
2023-05-04,5325,201,3,4,274,-56.3,25.9,8.5,15.7,82.2,58,35.9,5.69
2023-05-04,5325,201,3,5,389,-54.2,31.1,9.3,10.3,85.3,65.7,35.9,5.69
2023-05-04,5325,201,3,6,378,-59.6,31.5,8.5,7.7,91.1,74.9,35.9,5.69
2023-05-04,5325,201,3,7,370,-56.4,31.1,8.3,12.7,87.5,66.5,35.9,5.69
2023-05-04,5325,201,3,8,347,-55.4,32.1,8.7,9.2,87.5,69.6,35.9,5.69
2023-05-04,5324,215,1,1,339,-54.1,28.9,10.2,8.2,83,64.6,37.3,5.78
2023-05-04,5324,215,1,2,356,-57.1,27.9,7.5,11.5,85,66,37.3,5.78
2023-05-04,5324,215,1,3,356,-54.8,29.9,6.2,12.2,84.7,66.3,37.3,5.78
2023-05-04,5324,215,1,4,352,-57,24.9,5.7,13.5,81.9,62.7,37.3,5.78
2023-05-04,5324,215,1,5,337,-55.2,31.4,8.1,9.4,86.6,69.1,37.3,5.78
2023-05-04,5324,215,1,6,374,-53.5,29,6.2,13.3,82.5,63,37.3,5.78
2023-05-04,5324,215,1,7,330,-55.9,30.2,12.4,12,86.1,61.7,37.3,5.78
2023-05-04,5324,215,1,8,404,-58.7,26.2,9.1,5,84.9,70.8,37.3,5.78
2023-05-04,5253,474,1,1,286,-52.5,29.5,5.5,12.8,82,63.7,35.2,5.52
2023-05-04,5253,474,1,2,307,-54.1,29.4,9.5,7.4,83.5,66.6,35.2,5.52
2023-05-04,5253,474,1,3,311,-56,27.8,8.2,9.4,83.8,66.2,35.2,5.52
2023-05-04,5253,474,1,4,318,-54.3,30,10.9,17,84.3,56.4,35.2,5.52
2023-05-04,5253,474,1,5,360,-53.6,29.6,10.7,9.4,83.2,63.1,35.2,5.52
2023-05-04,5253,474,1,6,287,-54.2,32.7,8.5,15.1,86.9,63.3,35.2,5.52
2023-05-04,5253,474,1,7,332,-55.2,28.8,10.9,9.6,84,63.5,35.2,5.52
2023-05-04,5253,474,1,8,306,-51.6,28.9,7.3,9,80.5,64.2,35.2,5.52
2023-05-04,5253,474,2,1,304,-51.9,29,4.6,11.3,80.9,65,34.4,4.7
2023-05-04,5253,474,2,2,289,-52.7,28.8,10.6,8.3,81.5,62.6,34.4,4.7
2023-05-04,5253,474,2,3,305,-54.5,27.8,8.2,8.7,82.3,65.4,34.4,4.7
2023-05-04,5253,474,2,4,298,-52.3,29.3,10.2,17.5,81.6,53.9,34.4,4.7
2023-05-04,5253,474,2,5,370,-53.1,29.8,10.6,9.4,82.9,62.9,34.4,4.7
2023-05-04,5253,474,2,6,266,-52.3,32.5,8.7,16,84.8,60.1,34.4,4.7
2023-05-04,5253,474,2,7,316,-54.1,28.1,9.8,10.1,82.2,62.3,34.4,4.7
2023-05-04,5253,474,2,8,280,-49.2,28.8,8.3,10.6,78,59.1,34.4,4.7
2023-05-04,5253,474,3,1,274,-51.7,28.7,5.9,13,80.4,61.5,35.8,5.38
2023-05-04,5253,474,3,2,283,-53.2,29.2,10.5,8.1,82.4,63.8,35.8,5.38
2023-05-04,5253,474,3,3,291,-54.8,27.1,9.1,8.8,81.9,64,35.8,5.38
2023-05-04,5253,474,3,4,290,-53.8,29.5,11.1,18.6,83.3,53.6,35.8,5.38
2023-05-04,5253,474,3,5,351,-52.9,28.9,11.1,9.4,81.8,61.3,35.8,5.38
2023-05-04,5253,474,3,6,266,-53.6,32.1,9.3,16.5,85.7,59.9,35.8,5.38
2023-05-04,5253,474,3,7,313,-53.9,28,10.5,10.3,81.9,61.1,35.8,5.38
2023-05-04,5253,474,3,8,233,-49.5,28.6,9.2,11.4,78.1,57.5,35.8,5.38
2023-05-04,5239,788,1,1,187,-55.8,27.1,18.6,8.9,82.9,55.4,33.2,5.32
2023-05-04,5239,788,1,2,334,-54.7,30.8,8.9,6.6,85.5,70,33.2,5.32
2023-05-04,5239,788,1,3,290,-54.5,29.3,8.7,9.1,83.8,66,33.2,5.32
2023-05-04,5239,788,1,4,290,-58.4,31.7,9.8,9.6,90.1,70.7,33.2,5.32
2023-05-04,5239,788,1,5,283,-55.9,30.7,12,13.4,86.6,61.2,33.2,5.32
2023-05-04,5239,788,1,6,327,-50.9,34.2,8.8,10.4,85.1,65.9,33.2,5.32
2023-05-04,5239,788,1,7,304,-52.8,30.9,6,9.6,83.7,68.1,33.2,5.32
2023-05-04,5239,788,1,8,235,-57.1,31,10.9,10.9,88.1,66.3,33.2,5.32
2023-05-04,5239,788,2,1,181,-56.2,27,16.5,9.4,83.2,57.3,32.4,4.38
2023-05-04,5239,788,2,2,280,-52.2,30.6,11.2,7.5,82.8,64.1,32.4,4.38
2023-05-04,5239,788,2,3,254,-54.3,29.1,9.6,10.9,83.4,62.9,32.4,4.38
2023-05-04,5239,788,2,4,255,-56,31.3,9.7,11.1,87.3,66.5,32.4,4.38
2023-05-04,5239,788,2,5,302,-56,32.2,9.7,13.6,88.2,64.9,32.4,4.38
2023-05-04,5239,788,2,6,300,-49.1,32.6,9.1,10.3,81.7,62.3,32.4,4.38
2023-05-04,5239,788,2,7,277,-53.3,30.5,5.6,10.4,83.8,67.8,32.4,4.38
2023-05-04,5239,788,2,8,198,-53.8,30.6,12.6,11.7,84.4,60.1,32.4,4.38
2023-05-04,5239,788,3,1,213,-57.1,27.2,12.9,7.8,84.3,63.6,34.8,5.29
2023-05-04,5239,788,3,2,332,-54.8,30,8.6,6.8,84.8,69.4,34.8,5.29
2023-05-04,5239,788,3,3,254,-54,28.5,9.2,11.2,82.5,62.1,34.8,5.29
2023-05-04,5239,788,3,4,281,-57.8,31.1,10.3,10.7,88.9,67.9,34.8,5.29
2023-05-04,5239,788,3,5,286,-54.9,31,10.7,14.5,85.9,60.7,34.8,5.29
2023-05-04,5239,788,3,6,319,-49.4,33.3,8.5,10.7,82.7,63.5,34.8,5.29
2023-05-04,5239,788,3,7,285,-52.6,30.9,5.9,11.5,83.5,66.1,34.8,5.29
2023-05-04,5239,788,3,8,279,-55.1,30.5,11,9.6,85.6,65,34.8,5.29
2023-05-06,5253,553,3,1,311,-54,27.1,7.5,9.8,81.1,63.8,36.9,5.75
2023-05-06,5253,553,3,2,286,-54.5,25.7,8.9,8.7,80.2,62.6,36.9,5.75
2023-05-06,5253,553,3,3,360,-54.1,29.7,9,9.7,83.8,65.1,36.9,5.75
2023-05-06,5253,553,3,4,321,-54.2,29.7,8.3,5.4,83.9,70.2,36.9,5.75
2023-05-06,5253,553,3,5,278,-54.8,29.3,9.9,13.9,84.1,60.3,36.9,5.75
2023-05-06,5253,553,3,6,313,-52.7,30.3,8.8,19.6,83,54.6,36.9,5.75
2023-05-06,5253,553,3,7,302,-54.9,27.8,11.3,11.6,82.7,59.8,36.9,5.75
2023-05-06,5253,553,3,8,308,-50.9,33.3,6.1,12.2,84.2,65.9,36.9,5.75
2023-05-06,5324,296,1,1,364,-54.6,28.5,4.4,12,83.1,66.7,37.5,6.01
2023-05-06,5324,296,1,2,377,-55.6,29.9,5.1,11.9,85.5,68.5,37.5,6.01
2023-05-06,5324,296,1,3,365,-54.5,29,9.2,7.9,83.5,66.4,37.5,6.01
2023-05-06,5324,296,1,4,381,-55.2,26.6,6.2,12.4,81.8,63.2,37.5,6.01
2023-05-06,5324,296,1,5,369,-56,29.6,7.9,12.4,85.6,65.3,37.5,6.01
2023-05-06,5324,296,1,6,376,-55.9,26.6,6.2,13.1,82.5,63.2,37.5,6.01
2023-05-06,5324,296,1,7,381,-56.2,33.3,10,8.6,89.5,70.9,37.5,6.01
2023-05-06,5324,296,1,8,359,-55.8,32.9,8.5,10.5,88.7,69.7,37.5,6.01
2023-05-06,5324,296,3,1,348,-53.3,28.9,3.9,12.7,82.2,65.6,37.6,6.04
2023-05-06,5324,296,3,2,346,-53.1,28.9,3.7,12.1,82,66.2,37.6,6.04
2023-05-06,5324,296,3,3,355,-54.3,28.8,8.7,7.7,83.1,66.7,37.6,6.04
2023-05-06,5324,296,3,4,357,-54.6,26.5,6.2,13.1,81.1,61.8,37.6,6.04
2023-05-06,5324,296,3,5,340,-54.8,29.1,7.6,13.1,83.9,63.2,37.6,6.04
2023-05-06,5324,296,3,6,383,-55.8,27,5.2,12.8,82.8,64.8,37.6,6.04
2023-05-06,5324,296,3,7,431,-55.5,33.4,10,12,88.9,66.9,37.6,6.04
2023-05-06,5324,296,3,8,336,-55,31.5,8.3,9.8,86.5,68.4,37.6,6.04
2023-05-06,5253,553,2,1,328,-53.9,27.3,7.5,9.7,81.2,64,37.1,5.84
2023-05-06,5253,553,2,2,304,-55.3,25.8,8.6,8.2,81.1,64.3,37.1,5.84
2023-05-06,5253,553,2,3,352,-53.6,29.6,9.7,10.4,83.2,63.1,37.1,5.84
2023-05-06,5253,553,2,4,327,-54.3,28.9,8,4.8,83.2,70.4,37.1,5.84
2023-05-06,5253,553,2,5,300,-54.9,29.6,10.6,12.5,84.5,61.4,37.1,5.84
2023-05-06,5253,553,2,6,318,-52.8,30.5,8.7,19.4,83.3,55.2,37.1,5.84
2023-05-06,5253,553,2,7,309,-54.8,28.2,11.6,11.7,83,59.7,37.1,5.84
2023-05-06,5253,553,2,8,332,-51.1,33.3,5.4,11.2,84.4,67.8,37.1,5.84
2023-05-06,5253,553,1,1,331,-54.2,27.4,6.9,9.2,81.6,65.5,37.6,5.9
2023-05-06,5253,553,1,2,336,-55.8,26,8,7.6,81.8,66.2,37.6,5.9
2023-05-06,5253,553,1,3,391,-53.5,30.1,8.7,9.3,83.6,65.6,37.6,5.9
2023-05-06,5253,553,1,4,348,-54.4,29.5,6.9,14.7,83.9,62.3,37.6,5.9
2023-05-06,5253,553,1,5,303,-55.1,30.2,10.3,13.4,85.3,61.6,37.6,5.9
2023-05-06,5253,553,1,6,339,-53,30.6,8.4,18.3,83.6,56.9,37.6,5.9
2023-05-06,5253,553,1,7,317,-55,28.2,10.9,11.6,83.2,60.7,37.6,5.9
2023-05-06,5253,553,1,8,338,-51.7,32.9,5,10.7,84.6,68.9,37.6,5.9
2023-05-06,5324,296,2,1,349,-53.2,28.4,4,12.1,81.6,65.5,37.7,6.07
2023-05-06,5324,296,2,2,360,-53.7,29.7,4.2,12.4,83.4,66.8,37.7,6.07
2023-05-06,5324,296,2,3,372,-54.4,28.7,8.4,7.6,83.1,67.1,37.7,6.07
2023-05-06,5324,296,2,4,381,-55,26.2,5.5,12.4,81.2,63.3,37.7,6.07
2023-05-06,5324,296,2,5,352,-55,28.9,7.7,12.8,83.9,63.4,37.7,6.07
2023-05-06,5324,296,2,6,389,-56.4,26.6,5.6,12.6,83,64.8,37.7,6.07
2023-05-06,5324,296,2,7,375,-55.9,33,9.1,8.6,88.9,71.2,37.7,6.07
2023-05-06,5324,296,2,8,347,-55.1,32.4,8.3,10.6,87.5,68.6,37.7,6.07
2023-05-06,5325,326,3,1,381,-56,28.4,10.3,6.8,84.4,67.3,38.7,6.1
2023-05-06,5325,326,3,2,329,-54.2,30.8,6.1,13.2,85,65.7,38.7,6.1
2023-05-06,5325,326,3,3,390,-55.1,31.6,6.8,8.9,86.7,71,38.7,6.1
2023-05-06,5325,326,3,4,400,-53.2,31.1,6.8,10.4,84.3,67.1,38.7,6.1
2023-05-06,5325,326,3,5,367,-57,31.8,8.3,9.3,88.8,71.2,38.7,6.1
2023-05-06,5325,326,3,6,394,-53.7,33.2,7.3,8.2,86.9,71.4,38.7,6.1
2023-05-06,5325,326,3,7,440,-55.5,31.6,5.9,11.6,87.1,69.6,38.7,6.1
2023-05-06,5325,326,3,8,382,-56.8,27.8,7.1,12.4,84.6,65.1,38.7,6.1
2023-05-06,5325,326,2,1,388,-56.6,28.9,9.7,6.1,85.5,69.7,36.5,6.03
2023-05-06,5325,326,2,2,332,-55.8,31.3,6.1,13.1,87.1,67.9,36.5,6.03
2023-05-06,5325,326,2,3,378,-56.1,31.1,7.2,9.2,87.2,70.8,36.5,6.03
2023-05-06,5325,326,2,4,399,-54.1,31.9,6.7,9.7,86,69.6,36.5,6.03
2023-05-06,5325,326,2,5,369,-58.1,32.3,8.7,8.9,90.4,72.8,36.5,6.03
2023-05-06,5325,326,2,6,380,-54.5,31.1,8.6,12.8,85.6,64.2,36.5,6.03
2023-05-06,5325,326,2,7,408,-56.5,31.6,6.5,11.3,88.1,70.3,36.5,6.03
2023-05-06,5325,326,2,8,363,-57.7,28.8,7.9,12.7,86.5,65.9,36.5,6.03
2023-05-06,5325,326,1,1,379,-56.6,28.8,9.5,7.2,85.4,68.7,37,6.06
2023-05-06,5325,326,1,2,339,-55.6,31.6,6.4,13.2,87.2,67.6,37,6.06
2023-05-06,5325,326,1,3,402,-56.2,31.5,7.1,8.1,87.7,72.5,37,6.06
2023-05-06,5325,326,1,4,415,-54.6,32,6.7,9,86.6,70.9,37,6.06
2023-05-06,5325,326,1,5,374,-58.4,32.3,8.8,8.1,90.7,73.8,37,6.06
2023-05-06,5325,326,1,6,399,-55,31.2,8.4,12.8,86.2,65,37,6.06
2023-05-06,5325,326,1,7,446,-56.6,31.9,6.3,10.6,88.5,71.6,37,6.06
2023-05-06,5325,326,1,8,390,-57.8,28.4,7,12.5,86.2,66.7,37,6.06
2023-05-10,5253,561,1,1,350,-54,27.3,6.6,8.9,81.3,65.8,37.4,5.57
2023-05-10,5253,561,1,2,337,-56.2,26,7.5,7.8,82.2,66.9,37.4,5.57
2023-05-10,5253,561,1,3,419,-52.9,31.2,7.1,8.7,84.1,68.3,37.4,5.57
2023-05-10,5253,561,1,4,350,-54.5,30.6,8.3,19.3,85.1,57.5,37.4,5.57
2023-05-10,5253,561,1,5,342,-53.9,31.6,7.9,13.6,85.5,64,37.4,5.57
2023-05-10,5253,561,1,6,337,-54.7,32,6.1,14.7,86.7,65.9,37.4,5.57
2023-05-10,5253,561,1,7,371,-54.3,29,8.8,9.5,83.3,65,37.4,5.57
2023-05-10,5253,561,1,8,364,-51,32.5,3.7,9.4,83.5,70.4,37.4,5.57
2023-05-10,5253,561,2,1,307,-53.5,27.2,7.6,9.7,80.7,63.4,36.8,5.22
2023-05-10,5253,561,2,2,297,-54.9,25.5,9.2,8.1,80.4,63.1,36.8,5.22
2023-05-10,5253,561,2,3,395,-53.5,31,8.4,9,84.5,67.1,36.8,5.22
2023-05-10,5253,561,2,4,311,-54,30,9.2,20.4,84,54.4,36.8,5.22
2023-05-10,5253,561,2,5,311,-53.6,30.6,8.5,13.6,84.2,62.1,36.8,5.22
2023-05-10,5253,561,2,6,297,-53.6,31.7,7,15.1,85.3,63.2,36.8,5.22
2023-05-10,5253,561,2,7,313,-53,29.1,9.7,10.5,82.1,61.9,36.8,5.22
2023-05-10,5253,561,2,8,322,-50,32.5,5.1,10.6,82.5,66.8,36.8,5.22
2023-05-10,5325,341,1,1,374,-57.3,28.8,11.4,6.8,86.1,67.9,37.8,5.67
2023-05-10,5325,341,1,2,348,-54.2,31.8,5.4,13.4,86,67.2,37.8,5.67
2023-05-10,5325,341,1,3,428,-54.6,32.8,6.7,6.2,87.4,74.5,37.8,5.67
2023-05-10,5325,341,1,4,356,-53.8,29.1,8.9,8.1,82.9,65.9,37.8,5.67
2023-05-10,5325,341,1,5,455,-53,33.9,3.8,9.6,86.9,73.5,37.8,5.67
2023-05-10,5325,341,1,6,370,-54.6,33.2,7.7,8.5,87.8,71.6,37.8,5.67
2023-05-10,5325,341,1,7,451,-54.4,32.2,6.1,9.1,86.6,71.4,37.8,5.67
2023-05-10,5325,341,1,8,378,-56.3,28.8,6.5,12.7,85.1,65.9,37.8,5.67
2023-05-10,5325,341,2,1,350,-57.2,28.5,11.7,7.3,85.7,66.7,37,5.39
2023-05-10,5325,341,2,2,327,-54,31.6,6.1,12.9,85.6,66.6,37,5.39
2023-05-10,5325,341,2,3,408,-54.7,32.7,7.2,6.5,87.4,73.7,37,5.39
2023-05-10,5325,341,2,4,343,-53,29.9,8.9,13.7,82.9,60.3,37,5.39
2023-05-10,5325,341,2,5,387,-52.7,33.9,6.4,11.2,86.6,69,37,5.39
2023-05-10,5325,341,2,6,350,-54.1,32.3,8.6,8.8,86.4,69,37,5.39
2023-05-10,5325,341,2,7,401,-54.6,31.6,7.1,10.5,86.2,68.6,37,5.39
2023-05-10,5325,341,2,8,369,-56.8,28.4,7.2,13.1,85.2,64.9,37,5.39
2023-05-10,5324,303,1,1,374,-54.4,28.8,4.5,10.1,83.2,68.6,37.2,5.63
2023-05-10,5324,303,1,2,363,-54.8,29.5,5.4,11.4,84.3,67.5,37.2,5.63
2023-05-10,5324,303,1,3,361,-53.4,27.9,6.8,13.4,81.3,61.1,37.2,5.63
2023-05-10,5324,303,1,4,377,-57.6,32,8.5,8.2,89.6,72.9,37.2,5.63
2023-05-10,5324,303,1,5,399,-54.7,29.7,7.5,11.7,84.4,65.2,37.2,5.63
2023-05-10,5324,303,1,6,408,-55.2,28,3.2,12.3,83.2,67.7,37.2,5.63
2023-05-10,5324,303,1,7,375,-56.3,31.5,10.7,11.5,87.8,65.6,37.2,5.63
2023-05-10,5324,303,1,8,354,-55.2,31.4,7.1,9.8,86.6,69.7,37.2,5.63
2023-05-10,5324,303,2,1,348,-53.3,28.8,4.8,11,82.1,66.3,37.5,5.38
2023-05-10,5324,303,2,2,337,-53.9,29.2,6.3,11.4,83.1,65.4,37.5,5.38
2023-05-10,5324,303,2,3,363,-52.9,28.1,6.4,13.5,81,61.1,37.5,5.38
2023-05-10,5324,303,2,4,358,-56.7,32,8.2,8.6,88.7,71.9,37.5,5.38
2023-05-10,5324,303,2,5,362,-53.8,29.5,9.3,7.4,83.3,66.6,37.5,5.38
2023-05-10,5324,303,2,6,377,-54.1,27.7,3.7,13.4,81.8,64.7,37.5,5.38
2023-05-10,5324,303,2,7,352,-55.6,31.7,10.9,12.4,87.3,64,37.5,5.38
2023-05-10,5324,303,2,8,336,-54.1,32.1,7.5,10.3,86.2,68.4,37.5,5.38
2023-05-20,5325,381,1,1,365,-56.7,29.4,11.2,7.5,86.1,67.4,37.1,5.58
2023-05-20,5325,381,1,2,338,-55,30.6,5.5,13.8,85.6,66.3,37.1,5.58
2023-05-20,5325,381,1,3,400,-53.7,32.6,7.5,8.2,86.3,70.6,37.1,5.58
2023-05-20,5325,381,1,4,370,-53.2,29.1,9.1,7.9,82.3,65.3,37.1,5.58
2023-05-20,5325,381,1,5,416,-54.4,34,6.2,11.1,88.4,71.1,37.1,5.58
2023-05-20,5325,381,1,6,331,-55.5,30.3,7.9,9.4,85.8,68.5,37.1,5.58
2023-05-20,5325,381,1,7,414,-54.9,31.8,6.9,10.5,86.7,69.3,37.1,5.58
2023-05-20,5325,381,1,8,347,-55.3,29.7,7.4,12.9,85,64.7,37.1,5.58
2023-05-20,5325,381,2,1,381,-57,29.4,10.9,6,86.4,69.5,37.3,5.75
2023-05-20,5325,381,2,2,342,-55.4,30.3,5.4,12.9,85.7,67.4,37.3,5.75
2023-05-20,5325,381,2,3,387,-54.4,33.2,7.1,9,87.6,71.5,37.3,5.75
2023-05-20,5325,381,2,4,364,-53.7,28.5,8,7.7,82.2,66.5,37.3,5.75
2023-05-20,5325,381,2,5,408,-55.1,34.1,5.7,10.9,89.2,72.6,37.3,5.75
2023-05-20,5325,381,2,6,309,-55.9,29.7,7.7,9.1,85.6,68.8,37.3,5.75
2023-05-20,5325,381,2,7,345,-56.3,32.6,8.8,8.9,88.9,71.2,37.3,5.75
2023-05-20,5325,381,2,8,339,-55.8,29.8,7.4,13.2,85.6,65,37.3,5.75
2023-05-20,5325,381,3,1,337,-56.6,29.8,11.3,8.2,86.4,66.9,35.9,5.34
2023-05-20,5325,381,3,2,309,-55.1,30.2,6,14.2,85.3,65.1,35.9,5.34
2023-05-20,5325,381,3,3,374,-53.5,32.9,7.8,8.5,86.4,70.1,35.9,5.34
2023-05-20,5325,381,3,4,355,-53.5,28.5,8.3,7.4,82,66.3,35.9,5.34
2023-05-20,5325,381,3,5,391,-54.3,34.3,6.8,12.1,88.6,69.7,35.9,5.34
2023-05-20,5325,381,3,6,315,-55.5,30.2,7.7,9.3,85.7,68.7,35.9,5.34
2023-05-20,5325,381,3,7,334,-55.7,32.9,8.6,9.7,88.6,70.3,35.9,5.34
2023-05-20,5325,381,3,8,332,-55,30.1,7.5,13.4,85.1,64.2,35.9,5.34
2023-05-20,5324,340,1,1,344,-56,29.8,11,11.4,85.8,63.4,37.3,5.44
2023-05-20,5324,340,1,2,313,-53.3,29.8,7.4,10,83.1,65.7,37.3,5.44
2023-05-20,5324,340,1,3,412,-53.5,30.5,8.3,9.6,84,66.1,37.3,5.44
2023-05-20,5324,340,1,4,310,-54.8,30.5,7,11.6,85.3,66.7,37.3,5.44
2023-05-20,5324,340,1,5,369,-51.3,32.1,7.4,12.9,83.4,63.1,37.3,5.44
2023-05-20,5324,340,1,6,380,-57.9,31.1,7.5,8.1,89,73.4,37.3,5.44
2023-05-20,5324,340,1,7,361,-55.9,28.8,8.7,11.2,84.7,64.8,37.3,5.44
2023-05-20,5324,340,1,8,301,-50.6,32.4,5,12,83,66,37.3,5.44
2023-05-20,5324,340,2,1,347,-57,30.3,10.6,11.1,87.3,65.6,37.3,5.63
2023-05-20,5324,340,2,2,320,-54.4,29.6,7.5,8.7,84,67.8,37.3,5.63
2023-05-20,5324,340,2,3,391,-55,30.2,8.2,9.2,85.2,67.8,37.3,5.63
2023-05-20,5324,340,2,4,286,-54.5,29.9,7.8,11.8,84.4,64.8,37.3,5.63
2023-05-20,5324,340,2,5,370,-52.7,32.5,7.8,12.2,85.2,65.2,37.3,5.63
2023-05-20,5324,340,2,6,335,-47.7,35.5,7.2,14.8,83.2,61.2,37.3,5.63
2023-05-20,5324,340,2,7,348,-56.6,29.2,9.2,11.7,85.8,64.9,37.3,5.63
2023-05-20,5324,340,2,8,304,-51.3,32.2,5.3,11.2,83.5,67,37.3,5.63
2023-05-20,5324,340,3,1,333,-55.6,30.1,11.2,11.4,85.7,63.1,36.6,5.25
2023-05-20,5324,340,3,2,293,-52.1,29.9,8,10.6,82,63.4,36.6,5.25
2023-05-20,5324,340,3,3,392,-53.6,30.6,8.5,9.7,84.2,66,36.6,5.25
2023-05-20,5324,340,3,4,295,-53.4,30.1,7.8,11.4,83.5,64.3,36.6,5.25
2023-05-20,5324,340,3,5,363,-51.3,32.3,7,12.4,83.6,64.2,36.6,5.25
2023-05-20,5324,340,3,6,204,-,-,-,-,#VALUE!,#VALUE!,36.6,5.25
2023-05-20,5324,340,3,7,341,-55.1,28.6,8.8,11,83.7,63.9,36.6,5.25
2023-05-20,5324,340,3,8,298,-50,32.9,5.4,11.8,82.9,65.7,36.6,5.25
2023-05-20,5325,384,1,1,346,-58.1,29.2,6.1,12.9,87.3,68.3,38.1,5.92
2023-05-20,5325,384,1,2,364,-58.7,26.5,6.6,11.5,85.2,67.1,38.1,5.92
2023-05-20,5325,384,1,3,381,-55.1,28.4,7,7.9,83.5,68.6,38.1,5.92
2023-05-20,5325,384,1,4,426,-55.1,33.2,6.7,8,88.3,73.6,38.1,5.92
2023-05-20,5325,384,1,5,349,-56.3,29.8,5.7,9.1,86.1,71.3,38.1,5.92
2023-05-20,5325,384,1,6,423,-55.1,32.9,5.9,10,88,72.1,38.1,5.92
2023-05-20,5325,384,1,7,459,-55.1,31.9,6.1,8.9,87,72,38.1,5.92
2023-05-20,5325,384,1,8,470,-56.8,28.9,7.5,13.1,85.7,65.1,38.1,5.92
2023-05-20,5325,384,2,1,332,-56.7,28.5,6,13,85.2,66.2,39.2,5.75
2023-05-20,5325,384,2,2,384,-55.3,29.1,9,7.8,84.4,67.6,39.2,5.75
2023-05-20,5325,384,2,3,366,-53.8,27.9,7.3,8.3,81.7,66.1,39.2,5.75
2023-05-20,5325,384,2,4,417,-54,32,5.5,7.9,86,72.6,39.2,5.75
2023-05-20,5325,384,2,5,330,-54.8,30.3,5.5,10.2,85.1,69.4,39.2,5.75
2023-05-20,5325,384,2,6,399,-53.6,32.4,5.5,10.4,86,70.1,39.2,5.75
2023-05-20,5325,384,2,7,413,-54.6,31.3,6.3,9.6,85.9,70,39.2,5.75
2023-05-20,5325,384,2,8,358,-54.7,28.2,7.5,12.5,82.9,62.9,39.2,5.75
2023-05-23,5253,584,2,1,343,-53.6,27.6,7.2,10.9,81.2,63.1,37.2,5.55
2023-05-23,5253,584,2,2,323,-53.7,27.4,7.6,7.8,81.1,65.7,37.2,5.55
2023-05-23,5253,584,2,3,378,-50.2,29.7,6.1,13.8,79.9,60,37.2,5.55
2023-05-23,5253,584,2,4,316,-53,32.2,8.6,20.9,85.2,55.7,37.2,5.55
2023-05-23,5253,584,2,5,345,-57,28.8,7.5,13.4,85.8,64.9,37.2,5.55
2023-05-23,5253,584,2,6,294,-54.9,30.9,6.6,15.7,85.8,63.5,37.2,5.55
2023-05-23,5253,584,2,7,336,-57.3,25,8.6,10,82.3,63.7,37.2,5.55
2023-05-23,5253,584,2,8,348,-,-,-,-,#VALUE!,#VALUE!,37.2,5.55
2023-05-23,5324,367,2,1,339,-51.7,28.8,4.4,9.7,80.5,66.4,37.8,5.63
2023-05-23,5324,367,2,2,316,-56,26.4,5.5,12,82.4,64.9,37.8,5.63
2023-05-23,5324,367,2,3,419,-53.2,30,8,8.3,83.2,66.9,37.8,5.63
2023-05-23,5324,367,2,4,324,-,-,-,-,#VALUE!,#VALUE!,37.8,5.63
2023-05-23,5324,367,2,5,374,-52.3,30.9,8.7,11.9,83.2,62.6,37.8,5.63
2023-05-23,5324,367,2,6,343,-51,31.8,6,15,82.8,61.8,37.8,5.63
2023-05-23,5324,367,2,7,332,-57.8,28.1,10.8,12.7,85.9,62.4,37.8,5.63
2023-05-23,5324,367,2,8,-,-,-,-,-,#VALUE!,#VALUE!,37.8,5.63
2023-05-25,5253,593,1,1,369,-51.3,29.2,3.4,9.7,80.5,67.4,37,5.94
2023-05-25,5253,593,1,2,351,-53.7,29.4,7.2,8.5,83.1,67.4,37,5.94
2023-05-25,5253,593,1,3,343,-54,28.1,7.1,11.2,82.1,63.8,37,5.94
2023-05-25,5253,593,1,4,334,-55.1,30.1,8.3,19.5,85.2,57.4,37,5.94
2023-05-25,5253,593,1,5,354,-53.6,32.1,8.6,13.2,85.7,63.9,37,5.94
2023-05-25,5253,593,1,6,319,-55.8,31.5,8,14.2,87.3,65.1,37,5.94
2023-05-25,5253,593,1,7,371,-58,25.5,7.8,9.9,83.5,65.8,37,5.94
2023-05-25,5253,593,1,8,349,-54.1,31.6,6.2,10.6,85.7,68.9,37,5.94
2023-05-25,5325,390,1,1,352,-57.7,27.9,6,12.5,85.6,67.1,38.9,6.22
2023-05-25,5325,390,1,2,382,-55.5,29,10.3,7.4,84.5,66.8,38.9,6.22
2023-05-25,5325,390,1,3,438,-53.5,29.6,7.1,10.3,83.1,65.7,38.9,6.22
2023-05-25,5325,390,1,4,390,-54.9,31.1,6.8,8.7,86,70.5,38.9,6.22
2023-05-25,5325,390,1,5,368,-53.2,29.2,8.8,7.8,82.4,65.8,38.9,6.22
2023-05-25,5325,390,1,6,422,-55,32.3,5.6,9.8,87.3,71.9,38.9,6.22
2023-05-25,5325,390,1,7,437,-54.9,31.3,5.8,10.9,86.2,69.5,38.9,6.22
2023-05-25,5325,390,1,8,364,-56.9,28.1,6.6,13.2,85,65.2,38.9,6.22
2023-05-26,5253,594,1,1,353,-51.7,29.5,4.2,10.8,81.2,66.2,36.9,5.73
2023-05-26,5253,594,1,2,353,-53.4,29.2,6.7,8.1,82.6,67.8,36.9,5.73
2023-05-26,5253,594,1,3,343,-53.4,28.3,7.3,10.8,81.7,63.6,36.9,5.73
2023-05-26,5253,594,1,4,327,-54.9,30.3,8.6,20.4,85.2,56.2,36.9,5.73
2023-05-26,5253,594,1,5,346,-53.3,32.1,9.1,12.6,85.4,63.7,36.9,5.73
2023-05-26,5253,594,1,6,316,-55.7,31.4,7.1,14.4,87.1,65.6,36.9,5.73
2023-05-26,5253,594,1,7,2,-58.2,-57.7,-0.4,0.9,0.5,0,36.9,5.73
2023-05-26,5253,594,1,8,320,-52.5,31.7,6.1,11.2,84.2,66.9,36.9,5.73
2023-05-26,5325,399,1,1,355,-58,28.7,6,12.5,86.7,68.2,39.1,6.05
2023-05-26,5325,399,1,2,400,-55.1,28.8,9.3,5.9,83.9,68.7,39.1,6.05
2023-05-26,5325,399,1,3,452,-55.4,29.8,7.8,9.9,85.2,67.5,39.1,6.05
2023-05-26,5325,399,1,4,378,-54.1,31.4,7.1,9.3,85.5,69.1,39.1,6.05
2023-05-26,5325,399,1,5,376,-53.3,29.6,8.8,7.1,82.9,67,39.1,6.05
2023-05-26,5325,399,1,6,423,-53.9,32.2,5.3,9.6,86.1,71.2,39.1,6.05
2023-05-26,5325,399,1,7,346,-56,29.4,8.3,12.7,85.4,64.4,39.1,6.05
2023-05-26,5325,399,1,8,427,-57.1,28.2,5.5,11,85.3,68.8,39.1,6.05
2023-05-26,5324,376,1,1,359,-56.6,28.9,7.1,7.8,85.5,70.6,39.4,5.92
2023-05-26,5324,376,1,2,354,-55.3,27.3,5.4,10.8,82.6,66.4,39.4,5.92
2023-05-26,5324,376,1,3,396,-53.3,26.4,3.5,12.7,79.7,63.5,39.4,5.92
2023-05-26,5324,376,1,4,382,-59.3,28.4,7.6,7.8,87.7,72.3,39.4,5.92
2023-05-26,5324,376,1,5,399,-52.7,30.1,6.7,12.2,82.8,63.9,39.4,5.92
2023-05-26,5324,376,1,6,367,-53.9,28.9,5.4,14.2,82.8,63.2,39.4,5.92
2023-05-26,5324,376,1,7,375,-57.5,27.5,9.8,11.6,85,63.6,39.4,5.92
2023-11-03,5239,718,3,1,252,-58.5,26.9,11.8,9.8,85.4,63.8,32.5,5.31
2023-11-03,5239,718,3,2,244,-56,29.4,8.7,13,85.4,63.7,32.5,5.31
2023-11-03,5239,718,3,3,302,-60.6,26.3,9.3,12,86.9,65.6,32.5,5.31
2023-11-03,5239,718,3,4,271,-55.7,30.5,16.2,11.6,86.2,58.4,32.5,5.31
2023-11-03,5239,718,3,5,280,-54.2,33.8,8.9,11.7,88,67.4,32.5,5.31
2023-11-03,5239,718,3,6,314,-56.8,29.6,9.4,10.1,86.4,66.9,32.5,5.31
2023-11-03,5239,718,3,7,285,-57.5,29.3,5.5,11.2,86.8,70.1,32.5,5.31
2023-11-03,5239,718,3,8,287,-55.9,33.4,12.9,13.4,89.3,63,32.5,5.31
2023-11-03,5239,718,2,1,257,-58.2,27,10.5,10.2,85.2,64.5,32.5,4.39
2023-11-03,5239,718,2,2,199,-52.2,28.6,10.9,13.2,80.8,56.7,32.5,4.39
2023-11-03,5239,718,2,3,288,-59.9,26.9,10.9,12.5,86.8,63.4,32.5,4.39
2023-11-03,5239,718,2,4,258,-52.9,29.3,15.7,11.6,82.2,54.9,32.5,4.39
2023-11-03,5239,718,2,5,268,-52.2,34.3,10.4,11.6,86.5,64.5,32.5,4.39
2023-11-03,5239,718,2,6,304,-55.6,29.6,10.5,11.2,85.2,63.5,32.5,4.39
2023-11-03,5239,718,2,7,291,-56.8,29.5,5.6,11,86.3,69.7,32.5,4.39
2023-11-03,5239,718,2,8,276,-53.9,33.1,12.8,13.6,87,60.6,32.5,4.39
2023-11-03,5239,718,1,1,287,-58.8,27.2,10.8,10,86,65.2,33.6,5.46
2023-11-03,5239,718,1,2,240,-54.1,29,8.3,13,83.1,61.8,33.6,5.46
2023-11-03,5239,718,1,3,317,-60.6,26.3,10.2,11.4,86.9,65.3,33.6,5.46
2023-11-03,5239,718,1,4,268,-54.1,29.7,15.2,11.2,83.8,57.4,33.6,5.46
2023-11-03,5239,718,1,5,308,-52.6,34.5,8.7,10.7,87.1,67.7,33.6,5.46
2023-11-03,5239,718,1,6,318,-56,29.5,9.1,10.3,85.5,66.1,33.6,5.46
2023-11-03,5239,718,1,7,315,-57.3,29.7,5.6,10.3,87,71.1,33.6,5.46
2023-11-03,5239,718,1,8,343,-56.6,33.4,11.5,12,90,66.5,33.6,5.46
2023-11-03,5253,418,3,1,312,-50.8,30.4,4.9,10.2,81.2,66.1,34.1,5.56
2023-11-03,5253,418,3,2,282,-51.7,31.8,10.6,7.8,83.5,65.1,34.1,5.56
2023-11-03,5253,418,3,3,361,-51.7,32,10,9.8,83.7,63.9,34.1,5.56
2023-11-03,5253,418,3,4,267,-54.7,32,9.6,8.3,86.7,68.8,34.1,5.56
2023-11-03,5253,418,3,5,325,-54.2,32.6,9.7,11.3,86.8,65.8,34.1,5.56
2023-11-03,5253,418,3,6,297,-52.3,27.2,9.4,9,79.5,61.1,34.1,5.56
2023-11-03,5253,418,3,7,311,-55.6,31.3,11.5,10.8,86.9,64.6,34.1,5.56
2023-11-03,5253,418,3,8,278,-65.4,17.9,9.3,7.1,83.3,66.9,34.1,5.56
2023-11-03,5324,147,3,1,348,-54.6,29.8,8.9,9.5,84.4,66,34.5,5.68
2023-11-03,5324,147,3,2,309,-55.1,33.4,8,17,88.5,63.5,34.5,5.68
2023-11-03,5324,147,3,3,340,-56.6,29.4,7.7,12.3,86,66,34.5,5.68
2023-11-03,5324,147,3,4,326,-55.6,28.5,8.9,13.2,84.1,62,34.5,5.68
2023-11-03,5324,147,3,5,354,-55.9,33.3,10.9,11.8,89.2,66.5,34.5,5.68
2023-11-03,5324,147,3,6,327,-55,30.7,9.2,19.8,85.7,56.7,34.5,5.68
2023-11-03,5324,147,3,7,363,-54.8,31.4,8.2,9,86.2,69,34.5,5.68
2023-11-03,5324,147,3,8,315,-57.2,33.4,10.7,11.4,90.6,68.5,34.5,5.68
2023-11-03,5324,147,2,1,347,-54.7,30.4,9.1,9.6,85.1,66.4,33.9,4.83
2023-11-03,5324,147,2,2,307,-53.5,33.5,7.8,16.6,87,62.6,33.9,4.83
2023-11-03,5324,147,2,3,351,-56,29.8,7.3,12.3,85.8,66.2,33.9,4.83
2023-11-03,5324,147,2,4,326,-53.9,28.9,9.2,12.9,82.8,60.7,33.9,4.83
2023-11-03,5324,147,2,5,342,-54.9,34,10.8,11.2,88.9,66.9,33.9,4.83
2023-11-03,5324,147,2,6,331,-53.7,30.7,9.1,19,84.4,56.3,33.9,4.83
2023-11-03,5324,147,2,7,383,-53.4,31.1,7.8,8.2,84.5,68.5,33.9,4.83
2023-11-03,5324,147,2,8,319,-56.4,33.3,9.6,11,89.7,69.1,33.9,4.83
2023-11-03,5324,147,1,1,369,-55.2,31,8.1,9,86.2,69.1,33.8,5.84
2023-11-03,5324,147,1,2,332,-56.3,33.8,6.4,16.8,90.1,66.9,33.8,5.84
2023-11-03,5324,147,1,3,356,-56.7,30,6.5,11.6,86.7,68.6,33.8,5.84
2023-11-03,5324,147,1,4,348,-55.7,29.1,6.8,13.2,84.8,64.8,33.8,5.84
2023-11-03,5324,147,1,5,390,-58.7,33.7,10.2,11.1,92.4,71.1,33.8,5.84
2023-11-03,5324,147,1,6,353,-55.1,31.6,8.7,19,86.7,59,33.8,5.84
2023-11-03,5324,147,1,7,412,-54.3,31.7,7.5,8,86,70.5,33.8,5.84
2023-11-03,5324,147,1,8,340,-58.4,32.8,9.1,9.8,91.2,72.3,33.8,5.84
2023-11-03,5253,418,2,1,325,-51,29.9,3.7,9.3,80.9,67.9,34.1,4.79
2023-11-03,5253,418,2,2,315,-51.2,31.6,9.9,6.9,82.8,66,34.1,4.79
2023-11-03,5253,418,2,3,383,-52,32.2,9.3,9.7,84.2,65.2,34.1,4.79
2023-11-03,5253,418,2,4,285,-53.3,32.1,8.9,8.2,85.4,68.3,34.1,4.79
2023-11-03,5253,418,2,5,330,-53.4,32.5,8.8,10.7,85.9,66.4,34.1,4.79
2023-11-03,5253,418,2,6,301,-51.4,28.3,9.2,8.7,79.7,61.8,34.1,4.79
2023-11-03,5253,418,2,7,310,-54.3,31.7,11.1,11.2,86,63.7,34.1,4.79
2023-11-03,5253,418,2,8,282,-63.6,18.2,9.5,7,81.8,65.3,34.1,4.79
2023-11-03,5253,418,1,1,329,-51.2,30,4.1,8.8,81.2,68.3,34.3,5.76
2023-11-03,5253,418,1,2,301,-52.1,32.1,9.8,7.6,84.2,66.8,34.3,5.76
2023-11-03,5253,418,1,3,381,51.8,32.1,9.8,9.2,-19.7,-38.7,34.3,5.76
2023-11-03,5253,418,1,4,302,-55.2,32.5,9.3,8.4,87.7,70,34.3,5.76
2023-11-03,5253,418,1,5,319,-54.5,32.3,9.2,11,86.8,66.6,34.3,5.76
2023-11-03,5253,418,1,6,325,-53.5,27.1,9.3,8.5,80.6,62.8,34.3,5.76
2023-11-03,5253,418,1,7,322,-55.5,31.6,11.4,10.7,87.1,65,34.3,5.76
2023-11-03,5253,418,1,8,309,-65.9,18.1,8.8,6.7,84,68.5,34.3,5.76
2023-11-03,5325,140,2,1,275,-55.9,30.7,7.8,14.6,86.6,64.2,32.7,4.85
2023-11-03,5325,140,2,2,375,-54.1,34.1,8.5,8.4,88.2,71.3,32.7,4.85
2023-11-03,5325,140,2,3,340,-55.1,28.6,8.1,10.5,83.7,65.1,32.7,4.85
2023-11-03,5325,140,2,4,370,-55.2,31,9.2,7,86.2,70,32.7,4.85
2023-11-03,5325,140,2,5,340,-55.5,31.3,8.8,7.9,86.8,70.1,32.7,4.85
2023-11-03,5325,140,2,6,356,-56.7,32.8,8.2,8.5,89.5,72.8,32.7,4.85
2023-11-03,5325,140,2,7,365,-56.7,29.2,10.6,8.3,85.9,67,32.7,4.85
2023-11-03,5325,140,2,8,356,-59.1,30.5,8.1,12.1,89.6,69.4,32.7,4.85
2023-11-03,5325,140,3,1,264,-55.4,30.2,8.4,14.5,85.6,62.7,33.7,5.71
2023-11-03,5325,140,3,2,375,-55.9,33.9,7.1,8.8,89.8,73.9,33.7,5.71
2023-11-03,5325,140,3,3,336,-55.6,28.7,8.5,10.5,84.3,65.3,33.7,5.71
2023-11-03,5325,140,3,4,376,-56.2,31.4,8.4,7.8,87.6,71.4,33.7,5.71
2023-11-03,5325,140,3,5,322,-56,30.2,9,8.2,86.2,69,33.7,5.71
2023-11-03,5325,140,3,6,365,-57.7,32.8,8.8,8.6,90.5,73.1,33.7,5.71
2023-11-03,5325,140,3,7,391,-56.8,29.5,11,7.6,86.3,67.7,33.7,5.71
2023-11-03,5325,140,3,8,360,-59.4,30.1,8.4,12.6,89.5,68.5,33.7,5.71
2024-03-13,5253,825,3,1,329,-50.9,26.2,6.1,8.6,77.1,62.4,33.4,5.23
2024-03-13,5253,825,3,2,319,-55.9,27.8,9.9,11.5,83.7,62.3,33.4,5.23
2024-03-13,5253,825,3,3,329,-56.5,27.7,7.8,13.3,84.2,63.1,33.4,5.23
2024-03-13,5253,825,3,4,312,-57.9,28.1,10.2,8.6,86,67.2,33.4,5.23
2024-03-13,5253,825,3,5,312,-57,30.8,10.5,7.5,87.8,69.8,33.4,5.23
2024-03-13,5253,825,3,6,328,-58.3,27.5,8.9,12.7,85.8,64.2,33.4,5.23
2024-03-13,5253,825,3,7,308,-58.9,27.1,8.9,9.9,86,67.2,33.4,5.23
2024-03-13,5253,825,3,8,312,-55.6,28.4,9.7,10.4,84,63.9,33.4,5.23
2024-03-13,5324,663,1,1,299,-58.7,28.4,8,9.8,87.1,69.3,33,5.64
2024-03-13,5324,663,1,2,349,-57.2,28.1,7.3,11.8,85.3,66.2,33,5.64
2024-03-13,5324,663,1,3,342,-56.1,29.3,7.6,4.9,85.4,72.9,33,5.64
2024-03-13,5324,663,1,4,376,-54.9,31.3,12.8,8.3,86.2,65.1,33,5.64
2024-03-13,5324,663,1,5,325,-55.8,29.8,10.4,14.2,85.6,61,33,5.64
2024-03-13,5324,663,1,6,334,-64.2,23,11.2,8.7,87.2,67.3,33,5.64
2024-03-13,5324,663,1,7,359,-56.2,29.6,8.3,8.8,85.8,68.7,33,5.64
2024-03-13,5324,663,1,8,349,-58.3,28.3,10.1,7.9,86.6,68.6,33,5.64
2024-03-13,5253,825,1,1,324,-51.6,26.2,6,9.6,77.8,62.2,33.4,5.52
2024-03-13,5253,825,1,2,329,-56.4,27.6,9.5,11,84,63.5,33.4,5.52
2024-03-13,5253,825,1,3,312,-55.4,27.4,7.5,14.2,82.8,61.1,33.4,5.52
2024-03-13,5253,825,1,4,328,-58,28.4,9.3,8.8,86.4,68.3,33.4,5.52
2024-03-13,5253,825,1,5,321,-57.9,31.4,10.4,6.8,89.3,72.1,33.4,5.52
2024-03-13,5253,825,1,6,318,-58.2,27.6,9.1,13.3,85.8,63.4,33.4,5.52
2024-03-13,5253,825,1,7,330,-58.5,27.2,8.2,9.1,85.7,68.4,33.4,5.52
2024-03-13,5253,825,1,8,338,-56.4,28.7,8.4,11.5,85.1,65.2,33.4,5.52
2024-03-13,5324,663,3,1,274,-57.2,28.1,7.2,10.4,85.3,67.7,32.7,5.21
2024-03-13,5324,663,3,2,325,-56.9,27.3,7.1,11.7,84.2,65.4,32.7,5.21
2024-03-13,5324,663,3,3,333,-56.1,30,8.4,4.2,86.1,73.5,32.7,5.21
2024-03-13,5324,663,3,4,367,-58.1,30.9,11.2,10.1,89,67.7,32.7,5.21
2024-03-13,5324,663,3,5,323,-55.5,29.5,9.1,14.1,85,61.8,32.7,5.21
2024-03-13,5324,663,3,6,308,-62.8,22.6,12.2,8.6,85.4,64.6,32.7,5.21
2024-03-13,5324,663,3,7,308,-55.6,29.8,8.9,10.2,85.4,66.3,32.7,5.21
2024-03-13,5324,663,3,8,282,-55.9,27.9,12,8.7,83.8,63.1,32.7,5.21
2024-03-13,5324,663,2,1,293,-57.3,28.7,7.8,10.6,86,67.6,33.2,5.45
2024-03-13,5324,663,2,2,353,-57.1,27.4,6.7,11.3,84.5,66.5,33.2,5.45
2024-03-13,5324,663,2,3,338,-55.5,29.9,8.5,3.9,85.4,73,33.2,5.45
2024-03-13,5324,663,2,4,384,-55.1,31.1,12.9,7.7,86.2,65.6,33.2,5.45
2024-03-13,5324,663,2,5,333,-55.2,29.8,9.8,13.9,85,61.3,33.2,5.45
2024-03-13,5324,663,2,6,330,-63.7,22.8,11.3,8.6,86.5,66.6,33.2,5.45
2024-03-13,5324,663,2,7,356,-56.4,30.4,8.8,9.7,86.8,68.3,33.2,5.45
2024-03-13,5324,663,2,8,338,-57.1,28.2,10.6,7.7,85.3,67,33.2,5.45
2024-03-13,5253,825,2,1,291,-51.1,25.6,6.2,9.8,76.7,60.7,33.5,5.26
2024-03-13,5253,825,2,2,312,-55.8,27.4,9.7,11.4,83.2,62.1,33.5,5.26
2024-03-13,5253,825,2,3,314,-55.8,27.1,7.9,13.6,82.9,61.4,33.5,5.26
2024-03-13,5253,825,2,4,305,-57.8,28.1,9.8,9.3,85.9,66.8,33.5,5.26
2024-03-13,5253,825,2,5,306,-57.1,31,10.8,7.3,88.1,70,33.5,5.26
2024-03-13,5253,825,2,6,337,-58.2,27.4,8,12.2,85.6,65.4,33.5,5.26
2024-03-13,5253,825,2,7,307,-58.3,26.8,8.5,9.5,85.1,67.1,33.5,5.26
2024-03-13,5253,825,2,8,293,-55.3,28.2,9.5,13,83.5,61,33.5,5.26
2024-03-13,5325,678,1,1,333,-61.6,29.1,6.7,12.4,90.7,71.6,33.7,5.7
2024-03-13,5325,678,1,2,335,-57.4,29.9,9.6,11.7,87.3,66,33.7,5.7
2024-03-13,5325,678,1,3,350,-59.8,29,5.8,8.1,88.8,74.9,33.7,5.7
2024-03-13,5325,678,1,4,369,-56.1,31,7.9,10.9,87.1,68.3,33.7,5.7
2024-03-13,5325,678,1,5,376,-58.3,32,8.5,7.9,90.3,73.9,33.7,5.7
2024-03-13,5325,678,1,6,356,-53.2,29.5,7.8,10.3,82.7,64.6,33.7,5.7
2024-03-13,5325,678,1,7,376,-56.6,33.6,7.8,10.6,90.2,71.8,33.7,5.7
2024-03-13,5325,678,1,8,387,-58.5,28.8,9.2,10.1,87.3,68,33.7,5.7
2024-03-13,5325,678,2,1,315,-61.5,29.1,6.8,12.5,90.6,71.3,32.5,5.41
2024-03-13,5325,678,2,2,329,-67.7,29.8,10.2,10.9,97.5,76.4,32.5,5.41
2024-03-13,5325,678,2,3,329,-60,28.8,5.8,8.1,88.8,74.9,32.5,5.41
2024-03-13,5325,678,2,4,342,-56.1,31,9,11,87.1,67.1,32.5,5.41
2024-03-13,5325,678,2,5,363,-58.7,32.6,9.1,8.1,91.3,74.1,32.5,5.41
2024-03-13,5325,678,2,6,332,-53.7,29.8,8.5,11.9,83.5,63.1,32.5,5.41
2024-03-13,5325,678,2,7,361,-55.9,33.6,8.3,10.4,89.5,70.8,32.5,5.41
2024-03-13,5325,678,2,8,342,-58,29,10,10.3,87,66.7,32.5,5.41
2024-03-13,5325,678,3,1,324,-61.4,28.7,7.4,11.7,90.1,71,33.1,5.44
2024-03-13,5325,678,3,2,326,-58.3,30.7,9.8,12.3,89,66.9,33.1,5.44
2024-03-13,5325,678,3,3,325,-59.7,27.7,6.4,7.8,87.4,73.2,33.1,5.44
2024-03-13,5325,678,3,4,397,-54.5,31.7,10.6,7.9,86.2,67.7,33.1,5.44
2024-03-13,5325,678,3,5,363,-57.8,32.7,9.5,7.9,90.5,73.1,33.1,5.44
2024-03-13,5325,678,3,6,353,-53.5,29.5,8.3,10.8,83,63.9,33.1,5.44
2024-03-13,5325,678,3,7,363,-55.6,33.9,8.9,10,89.5,70.6,33.1,5.44
2024-03-13,5325,678,3,8,359,-57.8,29.3,9.9,10.5,87.1,66.7,33.1,5.44
2024-04-13,5239,1056,2,1,308,-55.6,28.9,9.1,10.6,84.5,64.8,33,5.2
2024-04-13,5239,1056,2,2,298,-56.7,29.7,10.7,13.2,86.4,62.5,33,5.2
2024-04-13,5239,1056,2,3,310,-54.7,29.1,10.1,14.7,83.8,59,33,5.2
2024-04-13,5239,1056,2,4,299,-57.6,32.3,8.4,14,89.9,67.5,33,5.2
2024-04-13,5239,1056,2,5,309,-59.2,28.5,7.4,9.8,87.7,70.5,33,5.2
2024-04-13,5239,1056,2,6,329,-58.6,27,5.2,9.2,85.6,71.2,33,5.2
2024-04-13,5239,1056,2,7,283,-55.8,22.7,10.4,10.7,78.5,57.4,33,5.2
2024-04-13,5239,1056,2,8,328,-54.9,28,2.3,8.9,82.9,71.7,33,5.2
2024-04-13,5239,1056,1,1,314,-55.8,28.9,8.7,10.9,84.7,65.1,33.5,5.4
2024-04-13,5239,1056,1,2,314,-57.2,30,10.4,12.4,87.2,64.4,33.5,5.4
2024-04-13,5239,1056,1,3,328,-56,28.7,8.9,14.4,84.7,61.4,33.5,5.4
2024-04-13,5239,1056,1,4,300,-58.2,32.1,8.7,14.2,90.3,67.4,33.5,5.4
2024-04-13,5239,1056,1,5,314,-59.5,28.2,8.3,10,87.7,69.4,33.5,5.4
2024-04-13,5239,1056,1,6,315,-59.8,26.9,7.6,10.5,86.7,68.6,33.5,5.4
2024-04-13,5239,1056,1,7,302,-55.8,23,9.5,10.7,78.8,58.6,33.5,5.4
2024-04-13,5239,1056,1,8,343,-55.3,28,2.7,9,83.3,71.6,33.5,5.4
2024-04-13,5239,1056,3,1,318,-55.8,29.1,8.1,10.5,84.9,66.3,33,5.12
2024-04-13,5239,1056,3,2,298,-56.7,29.7,10.3,13.4,86.4,62.7,33,5.12
2024-04-13,5239,1056,3,3,315,-54.7,29.2,9.7,14.6,83.9,59.6,33,5.12
2024-04-13,5239,1056,3,4,296,-57.5,32.3,8.4,14.1,89.8,67.3,33,5.12
2024-04-13,5239,1056,3,5,308,-59.5,28.6,6.3,9.9,88.1,71.9,33,5.12
2024-04-13,5239,1056,3,6,297,-58.6,27.2,8.4,10.4,85.8,67,33,5.12
2024-04-13,5239,1056,3,7,282,-56.5,22.3,10.2,10.7,78.8,57.9,33,5.12
2024-04-13,5239,1056,3,8,315,-55.6,27.6,2.5,9.3,83.2,71.4,33,5.12